topic_id,label_draft,year,year_be,records,all_records_that_year,share_pct,afnc_records,distinct_near_duplicate_claims_cos095
2,driving_licence,2015,2558,0,65,0.0,0,0
2,driving_licence,2016,2559,1,206,0.49,0,1
2,driving_licence,2017,2560,2,257,0.78,0,2
2,driving_licence,2018,2561,0,270,0.0,0,0
2,driving_licence,2019,2562,0,389,0.0,0,0
2,driving_licence,2020,2563,0,1166,0.0,0,0
2,driving_licence,2021,2564,1,1299,0.08,1,1
2,driving_licence,2022,2565,21,1899,1.11,21,4
2,driving_licence,2023,2566,49,2635,1.86,48,9
2,driving_licence,2024,2567,87,2408,3.61,87,10
2,driving_licence,2025,2568,117,2428,4.82,117,7
2,driving_licence,2026,2569,46,1407,3.27,44,10
11,victim_refund,2015,2558,0,65,0.0,0,0
11,victim_refund,2016,2559,0,206,0.0,0,0
11,victim_refund,2017,2560,0,257,0.0,0,0
11,victim_refund,2018,2561,0,270,0.0,0,0
11,victim_refund,2019,2562,0,389,0.0,0,0
11,victim_refund,2020,2563,0,1166,0.0,0,0
11,victim_refund,2021,2564,0,1299,0.0,0,0
11,victim_refund,2022,2565,2,1899,0.11,2,1
11,victim_refund,2023,2566,1,2635,0.04,1,1
11,victim_refund,2024,2567,71,2408,2.95,70,19
11,victim_refund,2025,2568,90,2428,3.71,89,16
11,victim_refund,2026,2569,20,1407,1.42,20,12
1,invest_dividend,2015,2558,0,65,0.0,0,0
1,invest_dividend,2016,2559,0,206,0.0,0,0
1,invest_dividend,2017,2560,0,257,0.0,0,0
1,invest_dividend,2018,2561,0,270,0.0,0,0
1,invest_dividend,2019,2562,0,389,0.0,0,0
1,invest_dividend,2020,2563,0,1166,0.0,0,0
1,invest_dividend,2021,2564,3,1299,0.23,3,1
1,invest_dividend,2022,2565,41,1899,2.16,41,7
1,invest_dividend,2023,2566,208,2635,7.89,208,79
1,invest_dividend,2024,2567,99,2408,4.11,99,49
1,invest_dividend,2025,2568,30,2428,1.24,30,21
1,invest_dividend,2026,2569,4,1407,0.28,4,3
6,cambodia_border,2015,2558,0,65,0.0,0,0
6,cambodia_border,2016,2559,0,206,0.0,0,0
6,cambodia_border,2017,2560,0,257,0.0,0,0
6,cambodia_border,2018,2561,0,270,0.0,0,0
6,cambodia_border,2019,2562,0,389,0.0,0,0
6,cambodia_border,2020,2563,0,1166,0.0,0,0
6,cambodia_border,2021,2564,3,1299,0.23,2,3
6,cambodia_border,2022,2565,0,1899,0.0,0,0
6,cambodia_border,2023,2566,2,2635,0.08,1,2
6,cambodia_border,2024,2567,4,2408,0.17,3,4
6,cambodia_border,2025,2568,152,2428,6.26,119,109
6,cambodia_border,2026,2569,76,1407,5.4,71,66
4,virus_cures,2015,2558,0,65,0.0,0,0
4,virus_cures,2016,2559,0,206,0.0,0,0
4,virus_cures,2017,2560,0,257,0.0,0,0
4,virus_cures,2018,2561,1,270,0.37,0,1
4,virus_cures,2019,2562,0,389,0.0,0,0
4,virus_cures,2020,2563,102,1166,8.75,69,44
4,virus_cures,2021,2564,91,1299,7.01,66,52
4,virus_cures,2022,2565,51,1899,2.69,37,29
4,virus_cures,2023,2566,11,2635,0.42,10,9
4,virus_cures,2024,2567,5,2408,0.21,4,5
4,virus_cures,2025,2568,4,2428,0.16,2,4
4,virus_cures,2026,2569,1,1407,0.07,1,1
7,infection_reports,2015,2558,0,65,0.0,0,0
7,infection_reports,2016,2559,1,206,0.49,0,1
7,infection_reports,2017,2560,1,257,0.39,0,1
7,infection_reports,2018,2561,0,270,0.0,0,0
7,infection_reports,2019,2562,0,389,0.0,0,0
7,infection_reports,2020,2563,126,1166,10.81,118,112
7,infection_reports,2021,2564,43,1299,3.31,42,39
7,infection_reports,2022,2565,12,1899,0.63,10,10
7,infection_reports,2023,2566,6,2635,0.23,5,5
7,infection_reports,2024,2567,9,2408,0.37,8,8
7,infection_reports,2025,2568,5,2428,0.21,5,5
7,infection_reports,2026,2569,22,1407,1.56,15,20
18,vaccine,2015,2558,0,65,0.0,0,0
18,vaccine,2016,2559,0,206,0.0,0,0
18,vaccine,2017,2560,1,257,0.39,0,1
18,vaccine,2018,2561,2,270,0.74,0,2
18,vaccine,2019,2562,1,389,0.26,0,1
18,vaccine,2020,2563,3,1166,0.26,0,3
18,vaccine,2021,2564,36,1299,2.77,30,30
18,vaccine,2022,2565,24,1899,1.26,15,20
18,vaccine,2023,2566,8,2635,0.3,4,6
18,vaccine,2024,2567,38,2408,1.58,1,29
18,vaccine,2025,2568,6,2428,0.25,5,6
18,vaccine,2026,2569,3,1407,0.21,1,3
