source,year,year_be,records,partial_year,health_food_T0,health_food_T0_pct,virus_T4_T7_T18,virus_T4_T7_T18_pct,agency_impersonation_T1_T2_T11,agency_impersonation_T1_T2_T11_pct,cambodia_border_T6,cambodia_border_T6_pct,unclustered,unclustered_pct
sure_share,2015,2558,65,True,54,83.08,0,0.0,0,0.0,0,0.0,3,4.62
sure_share,2016,2559,206,False,150,72.82,1,0.49,1,0.49,0,0.0,25,12.14
sure_share,2017,2560,254,False,219,86.22,2,0.79,2,0.79,0,0.0,14,5.51
sure_share,2018,2561,265,False,243,91.7,3,1.13,0,0.0,0,0.0,2,0.75
sure_share,2019,2562,319,False,283,88.71,1,0.31,0,0.0,0,0.0,13,4.08
sure_share,2020,2563,193,False,146,75.65,27,13.99,0,0.0,0,0.0,13,6.74
sure_share,2021,2564,166,False,131,78.92,17,10.24,0,0.0,0,0.0,13,7.83
sure_share,2022,2565,202,False,167,82.67,20,9.9,0,0.0,0,0.0,10,4.95
sure_share,2023,2566,506,False,479,94.66,5,0.99,1,0.2,0,0.0,6,1.19
sure_share,2024,2567,383,False,322,84.07,35,9.14,0,0.0,0,0.0,23,6.01
sure_share,2025,2568,242,False,235,97.11,2,0.83,0,0.0,0,0.0,3,1.24
sure_share,2026,2569,60,True,57,95.0,0,0.0,0,0.0,0,0.0,1,1.67
afnc,2015,2558,0,True,0,,0,,0,,0,,0,
afnc,2016,2559,0,False,0,,0,,0,,0,,0,
afnc,2017,2560,3,False,1,33.33,0,0.0,0,0.0,0,0.0,0,0.0
afnc,2018,2561,5,False,1,20.0,0,0.0,0,0.0,0,0.0,3,60.0
afnc,2019,2562,70,False,11,15.71,0,0.0,0,0.0,0,0.0,17,24.29
afnc,2020,2563,865,False,291,33.64,187,21.62,0,0.0,0,0.0,180,20.81
afnc,2021,2564,1046,False,261,24.95,138,13.19,4,0.38,2,0.19,254,24.28
afnc,2022,2565,1615,False,660,40.87,62,3.84,64,3.96,0,0.0,211,13.07
afnc,2023,2566,2031,False,650,32.0,19,0.94,257,12.65,1,0.05,233,11.47
afnc,2024,2567,1889,False,435,23.03,13,0.69,256,13.55,3,0.16,266,14.08
afnc,2025,2568,1853,False,215,11.6,12,0.65,236,12.74,119,6.42,408,22.02
afnc,2026,2569,979,True,126,12.87,17,1.74,68,6.95,71,7.25,263,26.86
afp,2015,2558,0,True,0,,0,,0,,0,,0,
afp,2016,2559,0,False,0,,0,,0,,0,,0,
afp,2017,2560,0,False,0,,0,,0,,0,,0,
afp,2018,2561,0,False,0,,0,,0,,0,,0,
afp,2019,2562,0,False,0,,0,,0,,0,,0,
afp,2020,2563,106,False,29,27.36,17,16.04,0,0.0,0,0.0,21,19.81
afp,2021,2564,87,False,16,18.39,15,17.24,0,0.0,1,1.15,22,25.29
afp,2022,2565,81,False,26,32.1,4,4.94,0,0.0,0,0.0,20,24.69
afp,2023,2566,78,False,12,15.38,1,1.28,0,0.0,0,0.0,27,34.62
afp,2024,2567,109,False,10,9.17,4,3.67,0,0.0,0,0.0,26,23.85
afp,2025,2568,138,False,1,0.72,1,0.72,0,0.0,1,0.72,48,34.78
afp,2026,2569,91,True,2,2.2,0,0.0,0,0.0,2,2.2,21,23.08
cofact,2015,2558,0,True,0,,0,,0,,0,,0,
cofact,2016,2559,0,False,0,,0,,0,,0,,0,
cofact,2017,2560,0,False,0,,0,,0,,0,,0,
cofact,2018,2561,0,False,0,,0,,0,,0,,0,
cofact,2019,2562,0,False,0,,0,,0,,0,,0,
cofact,2020,2563,2,False,2,100.0,0,0.0,0,0.0,0,0.0,0,0.0
cofact,2021,2564,0,False,0,,0,,0,,0,,0,
cofact,2022,2565,1,False,0,0.0,1,100.0,0,0.0,0,0.0,0,0.0
cofact,2023,2566,20,False,2,10.0,0,0.0,0,0.0,1,5.0,8,40.0
cofact,2024,2567,8,False,2,25.0,0,0.0,0,0.0,1,12.5,2,25.0
cofact,2025,2568,110,False,26,23.64,0,0.0,1,0.91,15,13.64,34,30.91
cofact,2026,2569,143,True,12,8.39,4,2.8,1,0.7,3,2.1,56,39.16
thaipbs,2015,2558,0,True,0,,0,,0,,0,,0,
thaipbs,2016,2559,0,False,0,,0,,0,,0,,0,
thaipbs,2017,2560,0,False,0,,0,,0,,0,,0,
thaipbs,2018,2561,0,False,0,,0,,0,,0,,0,
thaipbs,2019,2562,0,False,0,,0,,0,,0,,0,
thaipbs,2020,2563,0,False,0,,0,,0,,0,,0,
thaipbs,2021,2564,0,False,0,,0,,0,,0,,0,
thaipbs,2022,2565,0,False,0,,0,,0,,0,,0,
thaipbs,2023,2566,0,False,0,,0,,0,,0,,0,
thaipbs,2024,2567,19,False,3,15.79,0,0.0,1,5.26,0,0.0,4,21.05
thaipbs,2025,2568,85,False,9,10.59,0,0.0,0,0.0,17,20.0,25,29.41
thaipbs,2026,2569,134,True,3,2.24,5,3.73,1,0.75,0,0.0,49,36.57
all,2015,2558,65,True,54,83.08,0,0.0,0,0.0,0,0.0,3,4.62
all,2016,2559,206,False,150,72.82,1,0.49,1,0.49,0,0.0,25,12.14
all,2017,2560,257,False,220,85.6,2,0.78,2,0.78,0,0.0,14,5.45
all,2018,2561,270,False,244,90.37,3,1.11,0,0.0,0,0.0,5,1.85
all,2019,2562,389,False,294,75.58,1,0.26,0,0.0,0,0.0,30,7.71
all,2020,2563,1166,False,468,40.14,231,19.81,0,0.0,0,0.0,214,18.35
all,2021,2564,1299,False,408,31.41,170,13.09,4,0.31,3,0.23,289,22.25
all,2022,2565,1899,False,853,44.92,87,4.58,64,3.37,0,0.0,241,12.69
all,2023,2566,2635,False,1143,43.38,25,0.95,258,9.79,2,0.08,274,10.4
all,2024,2567,2408,False,772,32.06,52,2.16,257,10.67,4,0.17,321,13.33
all,2025,2568,2428,False,486,20.02,15,0.62,237,9.76,152,6.26,518,21.33
all,2026,2569,1407,True,200,14.21,26,1.85,70,4.98,76,5.4,390,27.72
