topic_id,topic_label_draft,id,year,source,title,claim_text,url,human_pure,human_note
0,สุขภาพ อาหาร และเรื่องใกล้ตัว (ยังไม่ผ่านการตรวจ),26533,2016,sure_share,กินก๋วยเตี๋ยวต้องเลี่ยงเส้นเล็ก จริงหรือ?,กินก๋วยเตี๋ยวต้องเลี่ยงเส้นเล็ก,https://www.youtube.com/watch?v=77g4Of-8c_s,1,[AI อ่านซ้ำ: เจ้าของตอบ ว่าง -> 1; เรื่องอาหารโดยตรง เจ้าของยังไม่ได้ตอบ] 
0,สุขภาพ อาหาร และเรื่องใกล้ตัว (ยังไม่ผ่านการตรวจ),26300,2017,sure_share,คีโมและมะเร็งที่หมอไม่ได้บอก จริงหรือ?,การทำคีโมคือตัวร้าย,https://www.youtube.com/watch?v=zf2G80BpJ6Q,1,
0,สุขภาพ อาหาร และเรื่องใกล้ตัว (ยังไม่ผ่านการตรวจ),26259,2017,sure_share,คลิปเตือนภัยวุ้นเส้นผสมพลาสติก จริงหรือ?,ระวังวุ้นเส้นผสมพลาสติก,https://www.youtube.com/watch?v=-xI9hSyi_zI,1,
0,สุขภาพ อาหาร และเรื่องใกล้ตัว (ยังไม่ผ่านการตรวจ),26178,2017,sure_share,แหงนหน้าเสี่ยงสมองขาดเลือด จริงหรือ?,หากแหงนหน้ามากเกินไปจะทำให้สมองขาดเลือดได้,https://www.youtube.com/watch?v=My7-85mnuB0,1,
0,สุขภาพ อาหาร และเรื่องใกล้ตัว (ยังไม่ผ่านการตรวจ),26070,2017,sure_share,เป็นมะเร็งเพราะขาดวิตามิน B17 จริงหรือ?,การป่วยเป็นมะเร็งนั้น มีสาเหตุมาจากการขาดวิตามินบี 17,https://www.youtube.com/watch?v=Uq-P_2G2CWg,1,
0,สุขภาพ อาหาร และเรื่องใกล้ตัว (ยังไม่ผ่านการตรวจ),25881,2018,sure_share,15 อาการบอกว่าตับไม่สบาย จริงหรือ?,15 อาการบอกว่าตับไม่สบาย,https://www.youtube.com/watch?v=ErZQIswfh58,1,
0,สุขภาพ อาหาร และเรื่องใกล้ตัว (ยังไม่ผ่านการตรวจ),25780,2018,sure_share,คลิปปลาร้องไห้เหมือนเด็ก จริงหรือ ?,คลิปปลาร้องไห้เหมือนเด็ก และปลาที่เรียกมาหาได้ด้วยการสวดภาวนา,https://www.youtube.com/watch?v=mEWedf5JQbo,0,
0,สุขภาพ อาหาร และเรื่องใกล้ตัว (ยังไม่ผ่านการตรวจ),25761,2018,sure_share,น้ำสบู่กำจัดยุงได้ จริงหรือ?,แค่ใช้น้ำสบู่หรือน้ำผงซักฟอกเทใส่ในภาชนะ แล้วเอาไปวางไว้ตามมุมบ้าน เพียงไม่กี่วันน้ำในภาชนะเหล่านี้จะกลายเป็นสุสานของยุงมากมาย,https://www.youtube.com/watch?v=NA8sFLiGbuQ,?,[AI อ่านซ้ำ: เจ้าของตอบ 1 -> ?; น้ำสบู่กำจัดยุง เป็นเรื่องบ้าน ไม่ใช่สุขภาพ/อาหาร/ร่างกายโดยตรง] 
0,สุขภาพ อาหาร และเรื่องใกล้ตัว (ยังไม่ผ่านการตรวจ),25718,2018,sure_share,ท่าตรวจสุขภาพข้อมือใช้ได้ จริงหรือ ?,ท่าตรวจสุขภาพข้อมือใช้ได้,https://www.youtube.com/watch?v=ydn8NrMp4MQ,1,
0,สุขภาพ อาหาร และเรื่องใกล้ตัว (ยังไม่ผ่านการตรวจ),25592,2019,sure_share,นอนกรนเสี่ยงโรคอันตราย จริงหรือ?,การนอนกรน เป็นความเสี่ยงของหลายโรคอันตราย ตั้งแต่โรคหัวใจไปจนถึงโรคมะเร็ง,https://www.youtube.com/watch?v=hlXcfuTWNM0,1,
0,สุขภาพ อาหาร และเรื่องใกล้ตัว (ยังไม่ผ่านการตรวจ),25547,2019,sure_share,ผลไม้กระป๋องแช่ตู้เย็นเป็นอันตรายถึงชีวิต จริงหรือ?,การนำผลไม้กระป๋องไปแช่ตู้เย็น เป็นอันตรายถึงชีวิต,https://www.youtube.com/watch?v=k5xDU1twjNk,1,
0,สุขภาพ อาหาร และเรื่องใกล้ตัว (ยังไม่ผ่านการตรวจ),25491,2019,sure_share,ซ่อมอ่างล้างหน้าด้วยบะหมี่กึ่งสำเร็จรูป จริงหรือ?,ซ่อมอ่างล้างหน้าด้วยบะหมี่กึ่งสำเร็จรูป,https://www.youtube.com/watch?v=hNL4y18kkgI,0,
0,สุขภาพ อาหาร และเรื่องใกล้ตัว (ยังไม่ผ่านการตรวจ),25481,2019,sure_share,น้ำสับปะรดรักษามะเร็งต่อมไทรอยด์ จริงหรือ?,ดื่มน้ำสับปะรดช่วยรักษามะเร็งต่อมไทรอยด์ระยะที่ 4 ได้,https://www.youtube.com/watch?v=mYwQXIDoZyU,1,
0,สุขภาพ อาหาร และเรื่องใกล้ตัว (ยังไม่ผ่านการตรวจ),25383,2019,sure_share,สูตรลดความอ้วนมหัศจรรย์ 7 วันเห็นผล จริงหรือ ? | ชัวร์ก่อนแชร์ EXCLUSIVE,วิธีลดความอ้วน 7 วัน 8 กิโลกรัม ทำได้,https://www.youtube.com/watch?v=Uf87zcolsn4,1,
0,สุขภาพ อาหาร และเรื่องใกล้ตัว (ยังไม่ผ่านการตรวจ),25344,2019,sure_share,ใช้วิคส์ทารักษาสิวได้ จริงหรือ ?,วิคส์ สามารถนำมาทารักษาสิวได้,https://www.youtube.com/watch?v=dz0o9KW3-KE,1,
0,สุขภาพ อาหาร และเรื่องใกล้ตัว (ยังไม่ผ่านการตรวจ),25310,2019,sure_share,กระบองเพชรดูดรังสีหน้าจอคอมพิวเตอร์ได้ จริงหรือ?,ต้นกระบองเพชรสามารถดูดรังสีจากหน้าจอคอมพิวเตอร์ได้,https://www.youtube.com/watch?v=4bzumGzzg7s,?,[AI อ่านซ้ำ: เจ้าของตอบ 1 -> ?; กระบองเพชรดูดรังสีจอคอม กึ่งสุขภาพกึ่งของใช้] 
0,สุขภาพ อาหาร และเรื่องใกล้ตัว (ยังไม่ผ่านการตรวจ),25235,2019,sure_share,ชัวร์เหรอ ? ทารกปีศาจ | ชัวร์ก่อนแชร์ INFOGRAPHIC,ชัวร์เหรอ ? ทารกปีศาจ | ชัวร์ก่อนแชร์ INFOGRAPHIC,https://www.youtube.com/watch?v=xw0kie7phAk,0,
0,สุขภาพ อาหาร และเรื่องใกล้ตัว (ยังไม่ผ่านการตรวจ),24872,2020,sure_share,แป้งพัฟทำให้หน้าแก่ จริงหรือ ? | ชัวร์ก่อนแชร์ FACTSHEET,การใช้แป้งพัฟบ่อย ๆ แล้วหน้าแก่เร็ว,https://www.youtube.com/watch?v=Zy_g_ajytAQ,1,
0,สุขภาพ อาหาร และเรื่องใกล้ตัว (ยังไม่ผ่านการตรวจ),24855,2020,sure_share,“สมองเสื่อม” เกิดจากเลือดไม่ไปเลี้ยงสมองติดต่อกันหลายปี จริงหรือ ? | ชัวร์ก่อนแชร์ FACTSHEET,“สมองเสื่อม” เกิดมาจากเลือดไม่ไปเลี้ยงสมองติดต่อกันหลายปี ควรขับถ่ายให้เป็นเวลา รับประทานอาหารเช้าสม่ำเสมอ ควรเน้นโยเกิร์ต นมสด น้ำผึ้ง บำรุงสมอง และมะละกอ กระเจี๊ยบแดง พุทราจีน เพื่อล้างหลอดเลือดเป็นประจำ,https://www.youtube.com/watch?v=wLDIPG7HwAM,1,
0,สุขภาพ อาหาร และเรื่องใกล้ตัว (ยังไม่ผ่านการตรวจ),24790,2020,sure_share,ชัวร์ก่อนแชร์ FACTSHEET | ประโยชน์ของ Power Nap จริงหรือ ?,ประโยชน์ของ Power Nap,https://www.youtube.com/watch?v=67o05dHSWFg,1,
0,สุขภาพ อาหาร และเรื่องใกล้ตัว (ยังไม่ผ่านการตรวจ),24672,2020,sure_share,ใช้ที่ตะไบเล็บมาตะไบฟันให้เรียงตัวสวย จริงหรือ ?,ใช้ที่ตะไบเล็บมาตะไบฟันให้เรียงตัวสวย,https://www.youtube.com/watch?v=upzmMy5Z7sI,1,
0,สุขภาพ อาหาร และเรื่องใกล้ตัว (ยังไม่ผ่านการตรวจ),24622,2020,sure_share,เทคนิคการขับรถลงเขาใช้ได้ จริงหรือ ?,การขับรถลงเขาใช้เกียร์ D อันตรายมาก ควรใช้เบรกชะลอความเร็วที่เหมาะสมแล้วเลื่อนตำแหน่งเกียร์ลดลงมาในตำแหน่งเกียร์ที่มีความฝืดอย่างเหมาะสม,https://www.youtube.com/watch?v=9tL-izeUKf8,0,
0,สุขภาพ อาหาร และเรื่องใกล้ตัว (ยังไม่ผ่านการตรวจ),24539,2021,sure_share,14 การกดจุดที่จะช่วยบรรเทาอาการเจ็บป่วยในชีวิตประจำวัน จริงหรือ ?,14 การกดจุดที่จะช่วยบรรเทาอาการเจ็บป่วยในชีวิตประจำวัน,https://www.youtube.com/watch?v=pTczSix_Y18,1,
0,สุขภาพ อาหาร และเรื่องใกล้ตัว (ยังไม่ผ่านการตรวจ),24502,2021,sure_share,นอนกัดฟัน ทำให้หน้าสั้น-หน้าบานจริงหรือ?,การนอนกัดฟันทำให้หน้าสั้นและหน้าบาน,https://www.youtube.com/watch?v=Td0AefHEqzg,1,
0,สุขภาพ อาหาร และเรื่องใกล้ตัว (ยังไม่ผ่านการตรวจ),24483,2021,sure_share,พ่นแอลกอฮอล์ใส่กุญแจรถ ทำให้รถระเบิด จริงหรือ ?,ห้ามพ่นหรือทาแอลกอฮอล์ที่กุญแจรถ เพราะอาจทำให้รถระเบิดได้,https://www.youtube.com/watch?v=mXXVphwrDHQ,0,
0,สุขภาพ อาหาร และเรื่องใกล้ตัว (ยังไม่ผ่านการตรวจ),24098,2022,sure_share,ชัวร์ก่อนแชร์ น้ำตาลเป็นพิษอย่างเลวร้าย จริงหรือ ?,น้ำตาล เป็นพิษอย่างเลวร้ายสำหรับมนุษย์... เป็นความหิวโหยของเซลล์มะเร็ง เป็นสาเหตุของไข้หวัดทั้งปวง,https://www.youtube.com/watch?v=tO_ijuzdigM,1,
0,สุขภาพ อาหาร และเรื่องใกล้ตัว (ยังไม่ผ่านการตรวจ),23596,2022,sure_share,นมวัวก่อมะเร็งลำไส้ จริงหรือ ?,คนเอเชียย่อยนมวัวไม่ได้ กินนมตั้งแต่เด็ก ท้องเสียเป็นประจำ ทำให้ลำไส้อักเสบ จนสุดท้ายกลายเป็นมะเร็งลำไส้,https://www.youtube.com/watch?v=Eq4sd9ZogmY,1,
0,สุขภาพ อาหาร และเรื่องใกล้ตัว (ยังไม่ผ่านการตรวจ),23094,2023,sure_share,"""กะหล่ำปลี"" ช่วยให้ไตแข็งแรง จริงหรือ ? #ชัวร์ก่อนแชร์ #shorts","""กะหล่ำปลี"" ช่วยให้ไตแข็งแรง",https://www.youtube.com/watch?v=uWmIi-CSsb8,1,
0,สุขภาพ อาหาร และเรื่องใกล้ตัว (ยังไม่ผ่านการตรวจ),22915,2023,sure_share,"สูตรสกัดขมิ้นชันกับมะระขี้นก ""แก้เบาหวาน"" จริงหรือ ? #ชัวร์ก่อนแชร์ #shorts","สูตรสกัดขมิ้นชันกับมะระขี้นก ""แก้เบาหวาน""",https://www.youtube.com/watch?v=gpGZWSezid4,1,
0,สุขภาพ อาหาร และเรื่องใกล้ตัว (ยังไม่ผ่านการตรวจ),22916,2023,sure_share,บดเปลือกไข่ใส่นมร้อนดื่มวันละ 2 ครั้ง รักษาโรคกระเพาะ แผลในกระเพาะจริงหรือ ? #ชัวร์ก่อนแชร์ #shorts,บดเปลือกไข่ใส่นมร้อนดื่มวันละ 2 ครั้ง รักษาโรคกระเพาะ แผลในกระเพาะ,https://www.youtube.com/watch?v=0EaBcNYcIy4,1,
0,สุขภาพ อาหาร และเรื่องใกล้ตัว (ยังไม่ผ่านการตรวจ),22709,2023,sure_share,มะลิสามารถรักษาอาการต่าง ๆ ของดวงตาได้ จริงหรือ ? #ชัวร์ก่อนแชร์ #shorts,มะลิสามารถรักษาอาการต่าง ๆ ของดวงตาได้,https://www.youtube.com/watch?v=930nHRZ9OV0,1,
0,สุขภาพ อาหาร และเรื่องใกล้ตัว (ยังไม่ผ่านการตรวจ),22638,2023,sure_share,เขาแชร์ว่า ใบมะกรูดมหัศจรรย์ บำรุงสมอง จริงหรือ ? #ชัวร์ก่อนแชร์ #shorts,เขาแชร์ว่า ใบมะกรูดมหัศจรรย์ บำรุงสมอง,https://www.youtube.com/watch?v=G3e6VqYxTEU,1,
0,สุขภาพ อาหาร และเรื่องใกล้ตัว (ยังไม่ผ่านการตรวจ),22636,2023,sure_share,เขาบอกว่า กินข้าวขาหมู โรยใบมะกรูดได้ครบ 5 หมู่ จริงหรือ ? #ชัวร์ก่อนแชร์ #shorts,เขาบอกว่า กินข้าวขาหมู โรยใบมะกรูดได้ครบ 5 หมู่,https://www.youtube.com/watch?v=fceMoJuA_Ho,1,
0,สุขภาพ อาหาร และเรื่องใกล้ตัว (ยังไม่ผ่านการตรวจ),22586,2023,sure_share,เสียงดังในหูเกิดจากไตอ่อนแอ จริงหรือ ?,เสียงดังในหูเกิดจากไตอ่อนแอ แนะนำให้บำรุงไต เพื่อช่วยให้อาการหูมีเสียงดีขึ้น,https://www.youtube.com/watch?v=6USz8pIUELw,1,
0,สุขภาพ อาหาร และเรื่องใกล้ตัว (ยังไม่ผ่านการตรวจ),22197,2023,sure_share,บอระเพ็ดแช่โซดา บรรเทาชาปลายประสาทได้ จริงหรือ ?,บอระเพ็ดแช่โซดา ดื่มหลังอาหารทุกวัน ช่วยบรรเทาอาการชาปลายมือปลายเท้า เส้นตึงเส้นยึดและแก้ปวดได้,https://www.youtube.com/watch?v=a_F7QX3Pg_8,1,
0,สุขภาพ อาหาร และเรื่องใกล้ตัว (ยังไม่ผ่านการตรวจ),22099,2023,sure_share,เตือน อันตรายในไอศกรีม จริงหรือ ?,ในไอศกรีมของโปรดของหลายคน หารู้ไม่ว่า มีสารสังเคราะห์จากสารเคมี ที่นำอันตรายต่อสุขภาพเราได้,https://www.youtube.com/watch?v=SDWWj1t_gRk,1,
0,สุขภาพ อาหาร และเรื่องใกล้ตัว (ยังไม่ผ่านการตรวจ),20754,2024,sure_share,เขาว่ากินขมิ้นชันตามเวลาจะช่วยรักษาอวัยวะที่แตกต่างกัน จริงหรือ ? #ชัวร์ก่อนแชร์ #shorts,เขาว่ากินขมิ้นชันตามเวลาจะช่วยรักษาอวัยวะที่แตกต่างกัน,https://www.youtube.com/watch?v=UvFarkVrsWA,1,
0,สุขภาพ อาหาร และเรื่องใกล้ตัว (ยังไม่ผ่านการตรวจ),19843,2024,sure_share,แช่น้ำแข็งบำบัดโรค จริงหรือ ?,แช่น้ำแข็งบำบัดโรค ช่วยลดการอักเสบ กระตุ้นภูมิคุ้มกัน ลดความเครียด แก้อาการปวดได้,https://www.youtube.com/watch?v=0nrVYg-7vss,1,
0,สุขภาพ อาหาร และเรื่องใกล้ตัว (ยังไม่ผ่านการตรวจ),17657,2026,sure_share,5 เครื่องดื่ม บรรเทาเมาค้าง จริงหรือ ?,ดื่ม 5 น้ำ บรรเทาเมาค้าง และยังช่วยเซฟตับ ไทยมีแทบทุกบ้าน ทั้งน้ำกรอง น้ำผลไม้ น้ำขิง น้ำถั่วเขียว และน้ำแตงโม,https://www.youtube.com/watch?v=mKAkgUqBuC4,1,
0,สุขภาพ อาหาร และเรื่องใกล้ตัว (ยังไม่ผ่านการตรวจ),17529,2026,sure_share,น้ำ 3 ชนิด ยิ่งกิน กระดูกยิ่งพรุน จริงหรือ ?,3 น้ำดื่ม โจรขโมยแคลเซียม ยิ่งกิน ยิ่งกระดูกพรุน มีทั้ง น้ำอัดลม น้ำที่มีกาเฟอีนเข้มข้น และ น้ำซุปกระดูก,https://www.youtube.com/watch?v=iXFWA4Vfz-Y,1,
0,สุขภาพ อาหาร และเรื่องใกล้ตัว (ยังไม่ผ่านการตรวจ),16025,2020,afnc,ข่าวปลอม อย่าแชร์! หม้อทอดไร้น้ำมันใช้ปรุงอาหาร ทำให้ก่อมะเร็ง,หม้อทอดไร้น้ำมันใช้ปรุงอาหาร ทำให้ก่อมะเร็ง,https://www.antifakenewscenter.com/?p=4894,1,
0,สุขภาพ อาหาร และเรื่องใกล้ตัว (ยังไม่ผ่านการตรวจ),15910,2020,afnc,ข่าวบิดเบือน ใช้นิ้วอุดรูจมูก แก้อาการปวดหัว อ่อนเพลีย,ใช้นิ้วอุดรูจมูก แก้อาการปวดหัว อ่อนเพลีย,https://www.antifakenewscenter.com/?p=5556,1,
0,สุขภาพ อาหาร และเรื่องใกล้ตัว (ยังไม่ผ่านการตรวจ),15713,2020,afnc,ข่าวปลอม อย่าแชร์! น้ำอัญชันต้ม รักษาโรคภูมิแพ้,น้ำอัญชันต้ม รักษาโรคภูมิแพ้,https://www.antifakenewscenter.com/?p=6598,1,
0,สุขภาพ อาหาร และเรื่องใกล้ตัว (ยังไม่ผ่านการตรวจ),14503,2021,afnc,ข่าวปลอม อย่าแชร์! ผลิตภัณฑ์จากเทียนดำ น้ำมันบารอกัตซัยตูน ช่วยรักษาระบบน้ำตาลในเลือดในผู้ป่วยโรคเบาหวาน,ผลิตภัณฑ์จากเทียนดำ น้ำมันบารอกัตซัยตูน ช่วยรักษาระบบน้ำตาลในเลือดในผู้ป่วยโรคเบาหวาน,https://www.antifakenewscenter.com/?p=15306,1,
0,สุขภาพ อาหาร และเรื่องใกล้ตัว (ยังไม่ผ่านการตรวจ),14311,2021,afnc,ข่าวปลอม อย่าแชร์! น้ำมันฮับบะตุซเซาดะห์ ช่วยรักษาความดันโลหิตสูง ไขมันในเลือด ต่อมลูกหมากโต ตับอักเสบ,น้ำมันฮับบะตุซเซาดะห์ ช่วยรักษาความดันโลหิตสูง ไขมันในเลือด ต่อมลูกหมากโต ตับอักเสบ,https://www.antifakenewscenter.com/?p=14693,1,
0,สุขภาพ อาหาร และเรื่องใกล้ตัว (ยังไม่ผ่านการตรวจ),14237,2021,afnc,ข่าวปลอม อย่าแชร์! ขัดผิวแบบแห้ง ช่วยถอนพิษ รักษาผู้ป่วยโรคมะเร็งได้,ขัดผิวแบบแห้ง ช่วยถอนพิษ รักษาผู้ป่วยโรคมะเร็งได้,https://www.antifakenewscenter.com/?p=15126,1,
0,สุขภาพ อาหาร และเรื่องใกล้ตัว (ยังไม่ผ่านการตรวจ),13211,2022,afnc,ข่าวปลอม อย่าแชร์! ผลิตภัณฑ์แชมพู Ruzai Shouwu แก้ปัญหาเส้นผม ไม่มีผมหงอกตลอดชีวิต โดยรพ.บำรุงราษฏร์และมีใบรับรองจาก อย.,ผลิตภัณฑ์แชมพู Ruzai Shouwu แก้ปัญหาเส้นผม ไม่มีผมหงอกตลอดชีวิต โดยรพ.บำรุงราษฏร์และมีใบรับรองจาก อย.,https://www.antifakenewscenter.com/?p=22598,1,
0,สุขภาพ อาหาร และเรื่องใกล้ตัว (ยังไม่ผ่านการตรวจ),12839,2022,afnc,ข่าวปลอม อย่าแชร์! สุดยอดสมุนไพร เอื้องหมายนารักษาโรคมะเร็ง,สุดยอดสมุนไพร เอื้องหมายนารักษาโรคมะเร็ง,https://www.antifakenewscenter.com/?p=24403,1,
0,สุขภาพ อาหาร และเรื่องใกล้ตัว (ยังไม่ผ่านการตรวจ),12723,2022,afnc,ข่าวปลอม อย่าแชร์! การเปิดไฟนอนส่งผลเสียต่อร่างกาย,การเปิดไฟนอนส่งผลเสียต่อร่างกาย,https://www.antifakenewscenter.com/?p=24966,1,
0,สุขภาพ อาหาร และเรื่องใกล้ตัว (ยังไม่ผ่านการตรวจ),11589,2022,afnc,ข่าวปลอม อย่าแชร์! วางโทรศัพท์ติดตัวโดยไม่ปิดอินเทอร์เน็ต มีโอกาสเป็นมะเร็งได้ในไม่ช้า,วางโทรศัพท์ติดตัวโดยไม่ปิดอินเทอร์เน็ต มีโอกาสเป็นมะเร็งได้ในไม่ช้า,https://www.antifakenewscenter.com/?p=30356,1,
0,สุขภาพ อาหาร และเรื่องใกล้ตัว (ยังไม่ผ่านการตรวจ),11578,2022,afnc,ข่าวปลอม อย่าแชร์! ผลิตภัณฑ์ ENEL ARED ช่วยบำรุงสายตา ลดความเสี่ยงต้อกระจก และลดความเสี่ยงจอประสาทตาเสื่อม,ผลิตภัณฑ์ ENEL ARED ช่วยบำรุงสายตา ลดความเสี่ยงต้อกระจก และลดความเสี่ยงจอประสาทตาเสื่อม,https://www.antifakenewscenter.com/?p=30403,1,
0,สุขภาพ อาหาร และเรื่องใกล้ตัว (ยังไม่ผ่านการตรวจ),11359,2023,afnc,ข่าวปลอม อย่าแชร์! กระเทียมดำมีฤทธิ์ใช้ป้องกันโรคมะเร็งในคนได้,กระเทียมดำมีฤทธิ์ใช้ป้องกันโรคมะเร็งในคนได้,https://www.antifakenewscenter.com/?p=31401,1,
0,สุขภาพ อาหาร และเรื่องใกล้ตัว (ยังไม่ผ่านการตรวจ),11155,2023,afnc,ข่าวบิดเบือน เหล้าขาวสามารถฆ่าพยาธิได้,เหล้าขาวสามารถฆ่าพยาธิได้,https://www.antifakenewscenter.com/?p=32421,1,
0,สุขภาพ อาหาร และเรื่องใกล้ตัว (ยังไม่ผ่านการตรวจ),10877,2023,afnc,ข่าวปลอม อย่าแชร์! ใช้คางคกถูบริเวณที่ตะขาบกัดจะช่วยดูดพิษออกได้,ใช้คางคกถูบริเวณที่ตะขาบกัดจะช่วยดูดพิษออกได้,https://www.antifakenewscenter.com/?p=33802,1,
0,สุขภาพ อาหาร และเรื่องใกล้ตัว (ยังไม่ผ่านการตรวจ),10872,2023,afnc,ข่าวปลอม อย่าแชร์! การงดเว้นน้ำตาล ทำให้เซลล์มะเร็งฝ่อ และตายในที่สุด,การงดเว้นน้ำตาล ทำให้เซลล์มะเร็งฝ่อ และตายในที่สุด,https://www.antifakenewscenter.com/?p=33828,1,
0,สุขภาพ อาหาร และเรื่องใกล้ตัว (ยังไม่ผ่านการตรวจ),10520,2023,afnc,ข่าวปลอม อย่าแชร์! ผลิตภัณฑ์ Movita กำจัดโรคที่ซับซ้อน บรรเทาอาการปวดทันที ป้องกันโรคข้อและกระดูก เพิ่มการเจริญเติบโตของเนื้อเยื่อข้อ เสริมสร้างกระดูกและข้อ,ผลิตภัณฑ์ Movita กำจัดโรคที่ซับซ้อน บรรเทาอาการปวดทันที ป้องกันโรคข้อและกระดูก เพิ่มการเจริญเติบโตของเนื้อเยื่อข้อ เสริมสร้างกระดูกและข้อ,https://www.antifakenewscenter.com/?p=35525,1,
0,สุขภาพ อาหาร และเรื่องใกล้ตัว (ยังไม่ผ่านการตรวจ),10165,2023,afnc,ข่าวปลอม อย่าแชร์! ลดอาการปวดประจำเดือนได้ เพียงแค่งดเค็ม ไขมัน และบีบที่เอ็นร้อยหวาย,ลดอาการปวดประจำเดือนได้ เพียงแค่งดเค็ม ไขมัน และบีบที่เอ็นร้อยหวาย,https://www.antifakenewscenter.com/?p=37375,1,
0,สุขภาพ อาหาร และเรื่องใกล้ตัว (ยังไม่ผ่านการตรวจ),8976,2023,afnc,ข่าวปลอม อย่าแชร์! ร้อนท้อง ร้อนสะโพก มดลูกหย่อนก่อนวัย เพราะไขมันหน้าท้องเกิน อุ้งเชิงกรานหย่อน,ร้อนท้อง ร้อนสะโพก มดลูกหย่อนก่อนวัย เพราะไขมันหน้าท้องเกิน อุ้งเชิงกรานหย่อน,https://www.antifakenewscenter.com/?p=43125,1,
0,สุขภาพ อาหาร และเรื่องใกล้ตัว (ยังไม่ผ่านการตรวจ),8708,2023,afnc,ข่าวบิดเบือน สมองล้า อ่อนเพลีย นอนไม่หลับ หลับไม่สนิท ผื่น ลมพิษ เป็นตะคริวบ่อย เป็นอาการโลหะหนักตกค้างในร่างกายมากเกินไป,สมองล้า อ่อนเพลีย นอนไม่หลับ หลับไม่สนิท ผื่น ลมพิษ เป็นตะคริวบ่อย เป็นอาการโลหะหนักตกค้างในร่างกายมากเกินไป,https://www.antifakenewscenter.com/?p=50744,1,
0,สุขภาพ อาหาร และเรื่องใกล้ตัว (ยังไม่ผ่านการตรวจ),7625,2024,afnc,ข่าวปลอม อย่าแชร์! สูบบุหรี่ไฟฟ้าช่วยให้เลิกบุหรี่ได้,สูบบุหรี่ไฟฟ้าช่วยให้เลิกบุหรี่ได้,https://www.antifakenewscenter.com/?p=55329,1,
0,สุขภาพ อาหาร และเรื่องใกล้ตัว (ยังไม่ผ่านการตรวจ),6767,2024,afnc,ข่าวบิดเบือน แตงโมมีไวอากร้าสูง ทำให้อวัยวะเพศชายแข็งตัวได้,แตงโมมีไวอากร้าสูง ทำให้อวัยวะเพศชายแข็งตัวได้,https://www.antifakenewscenter.com/?p=60093,1,
0,สุขภาพ อาหาร และเรื่องใกล้ตัว (ยังไม่ผ่านการตรวจ),6299,2024,afnc,ข่าวปลอม อย่าแชร์! กระทรวงสาธารณสุขห้ามจำหน่ายขนมที่มีส่วนผสมไขมันทรานส์,กระทรวงสาธารณสุขห้ามจำหน่ายขนมที่มีส่วนผสมไขมันทรานส์,https://www.antifakenewscenter.com/?p=62078,1,
0,สุขภาพ อาหาร และเรื่องใกล้ตัว (ยังไม่ผ่านการตรวจ),5781,2024,afnc,ข่าวบิดเบือน ตบสะดือ 100 ครั้ง ช่วยให้ร่างกายกำจัดสารพิษได้รวดเร็วขึ้น ผ่อนคลายตับ ถุงน้ำดี บำรุงปอด และไต,ตบสะดือ 100 ครั้ง ช่วยให้ร่างกายกำจัดสารพิษได้รวดเร็วขึ้น ผ่อนคลายตับ ถุงน้ำดี บำรุงปอด และไต,https://www.antifakenewscenter.com/?p=64278,1,
0,สุขภาพ อาหาร และเรื่องใกล้ตัว (ยังไม่ผ่านการตรวจ),3995,2025,afnc,ทานเมลทิลีนบูล เพื่อล้างพิษ หลังฉีดวัคซีนป้องกันมะเร็งปากมดลูก,ทานเมลทิลีนบูล เพื่อล้างพิษ หลังฉีดวัคซีนป้องกันมะเร็งปากมดลูก,https://www.antifakenewscenter.com/?p=72097,1,
0,สุขภาพ อาหาร และเรื่องใกล้ตัว (ยังไม่ผ่านการตรวจ),3462,2025,afnc,พิษของผึ้ง ทำลายเซลล์มะเร็งเต้านมรุนแรงได้ โดยไม่กระทบเซลล์ปกติ,พิษของผึ้ง ทำลายเซลล์มะเร็งเต้านมรุนแรงได้ โดยไม่กระทบเซลล์ปกติ,https://www.antifakenewscenter.com/?p=74345,1,
0,สุขภาพ อาหาร และเรื่องใกล้ตัว (ยังไม่ผ่านการตรวจ),3347,2025,afnc,คนที่มีรักแร้เหม็น ขี้หูเปียก เสี่ยงเป็นมะเร็งเต้านม,คนที่มีรักแร้เหม็น ขี้หูเปียก เสี่ยงเป็นมะเร็งเต้านม,https://www.antifakenewscenter.com/?p=74888,1,
0,สุขภาพ อาหาร และเรื่องใกล้ตัว (ยังไม่ผ่านการตรวจ),2407,2025,afnc,กินเนื้อแดงมากจะกระตุ้นการอักเสบให้ร่างกายสร้างเมือกมากขึ้น,กินเนื้อแดงมากจะกระตุ้นการอักเสบให้ร่างกายสร้างเมือกมากขึ้น,https://www.antifakenewscenter.com/?p=79020,1,
0,สุขภาพ อาหาร และเรื่องใกล้ตัว (ยังไม่ผ่านการตรวจ),2333,2025,afnc,ดื่มน้ำหลังตื่นนอน ช่วยให้เลือดไหลเวียนดี ลดความเสี่ยงเส้นเลือดสมองตีบ,ดื่มน้ำหลังตื่นนอน ช่วยให้เลือดไหลเวียนดี ลดความเสี่ยงเส้นเลือดสมองตีบ,https://www.antifakenewscenter.com/?p=79347,1,
0,สุขภาพ อาหาร และเรื่องใกล้ตัว (ยังไม่ผ่านการตรวจ),2146,2025,afnc,ทาปิโตรเลียมเจลลี่หนา ๆ บนใบหน้า ช่วยลดริ้วรอยแก่ก่อนวัย,ทาปิโตรเลียมเจลลี่หนา ๆ บนใบหน้า ช่วยลดริ้วรอยแก่ก่อนวัย,https://www.antifakenewscenter.com/?p=80128,1,
0,สุขภาพ อาหาร และเรื่องใกล้ตัว (ยังไม่ผ่านการตรวจ),272,2026,afnc,ผลิตภัณฑ์อาหารเสริม LIVPLUS อาหารเสริมบำรุงตับ ช่วยฟื้นฟูตับ,ผลิตภัณฑ์อาหารเสริม LIVPLUS อาหารเสริมบำรุงตับ ช่วยฟื้นฟูตับ,https://www.antifakenewscenter.com/?p=88346,1,
