topic_id,period,source,method,count,denominator,share_pct
0,2020-2021,all,records,876,2465,35.537525354969574
0,2020-2021,all,source_year_text_dedup,864,2432,35.526315789473685
0,2020-2021,all,false_only,616,1865,33.029490616621985
0,2024-2025,all,records,1258,4836,26.013234077750205
0,2024-2025,all,source_year_text_dedup,1221,4790,25.49060542797495
0,2024-2025,all,false_only,800,4001,19.99500124968758
0,2020-2021,afnc,records,552,1911,28.885400313971743
0,2020-2021,afnc,source_year_text_dedup,540,1881,28.708133971291865
0,2020-2021,afnc,false_only,457,1554,29.407979407979408
0,2024-2025,afnc,records,650,3742,17.3703901656868
0,2024-2025,afnc,source_year_text_dedup,620,3705,16.734143049932523
0,2024-2025,afnc,false_only,448,3236,13.8442521631644
0,2020-2021,afp,records,45,193,23.316062176165804
0,2020-2021,afp,source_year_text_dedup,45,192,23.4375
0,2020-2021,afp,false_only,22,118,18.64406779661017
0,2024-2025,afp,records,11,247,4.4534412955465585
0,2024-2025,afp,source_year_text_dedup,11,246,4.471544715447155
0,2024-2025,afp,false_only,9,230,3.9130434782608696
0,2020-2021,sure_share,records,277,359,77.15877437325905
0,2020-2021,sure_share,source_year_text_dedup,277,357,77.59103641456582
0,2020-2021,sure_share,false_only,136,192,70.83333333333333
0,2024-2025,sure_share,records,557,625,89.12
0,2024-2025,sure_share,source_year_text_dedup,551,618,89.15857605177993
0,2024-2025,sure_share,false_only,317,380,83.42105263157895
1,2020-2021,all,records,3,2465,0.12170385395537525
1,2020-2021,all,source_year_text_dedup,3,2432,0.12335526315789473
1,2020-2021,all,false_only,3,1865,0.16085790884718498
1,2024-2025,all,records,129,4836,2.667493796526055
1,2024-2025,all,source_year_text_dedup,129,4790,2.693110647181628
1,2024-2025,all,false_only,129,4001,3.224193951512122
1,2020-2021,afnc,records,3,1911,0.15698587127158556
1,2020-2021,afnc,source_year_text_dedup,3,1881,0.1594896331738437
1,2020-2021,afnc,false_only,3,1554,0.19305019305019305
1,2024-2025,afnc,records,129,3742,3.44735435595938
1,2024-2025,afnc,source_year_text_dedup,129,3705,3.4817813765182186
1,2024-2025,afnc,false_only,129,3236,3.9864029666254637
1,2020-2021,afp,records,0,193,0.0
1,2020-2021,afp,source_year_text_dedup,0,192,0.0
1,2020-2021,afp,false_only,0,118,0.0
1,2024-2025,afp,records,0,247,0.0
1,2024-2025,afp,source_year_text_dedup,0,246,0.0
1,2024-2025,afp,false_only,0,230,0.0
1,2020-2021,sure_share,records,0,359,0.0
1,2020-2021,sure_share,source_year_text_dedup,0,357,0.0
1,2020-2021,sure_share,false_only,0,192,0.0
1,2024-2025,sure_share,records,0,625,0.0
1,2024-2025,sure_share,source_year_text_dedup,0,618,0.0
1,2024-2025,sure_share,false_only,0,380,0.0
2,2020-2021,all,records,1,2465,0.04056795131845842
2,2020-2021,all,source_year_text_dedup,1,2432,0.04111842105263158
2,2020-2021,all,false_only,0,1865,0.0
2,2024-2025,all,records,204,4836,4.218362282878412
2,2024-2025,all,source_year_text_dedup,204,4790,4.258872651356993
2,2024-2025,all,false_only,203,4001,5.073731567108223
2,2020-2021,afnc,records,1,1911,0.052328623757195186
2,2020-2021,afnc,source_year_text_dedup,1,1881,0.0531632110579479
2,2020-2021,afnc,false_only,0,1554,0.0
2,2024-2025,afnc,records,204,3742,5.451630144307857
2,2024-2025,afnc,source_year_text_dedup,204,3705,5.506072874493927
2,2024-2025,afnc,false_only,203,3236,6.273176761433869
2,2020-2021,afp,records,0,193,0.0
2,2020-2021,afp,source_year_text_dedup,0,192,0.0
2,2020-2021,afp,false_only,0,118,0.0
2,2024-2025,afp,records,0,247,0.0
2,2024-2025,afp,source_year_text_dedup,0,246,0.0
2,2024-2025,afp,false_only,0,230,0.0
2,2020-2021,sure_share,records,0,359,0.0
2,2020-2021,sure_share,source_year_text_dedup,0,357,0.0
2,2020-2021,sure_share,false_only,0,192,0.0
2,2024-2025,sure_share,records,0,625,0.0
2,2024-2025,sure_share,source_year_text_dedup,0,618,0.0
2,2024-2025,sure_share,false_only,0,380,0.0
4,2020-2021,all,records,193,2465,7.829614604462475
4,2020-2021,all,source_year_text_dedup,192,2432,7.894736842105263
4,2020-2021,all,false_only,151,1865,8.09651474530831
4,2024-2025,all,records,9,4836,0.18610421836228289
4,2024-2025,all,source_year_text_dedup,9,4790,0.18789144050104384
4,2024-2025,all,false_only,7,4001,0.17495626093476632
4,2020-2021,afnc,records,135,1911,7.06436420722135
4,2020-2021,afnc,source_year_text_dedup,134,1881,7.123870281765019
4,2020-2021,afnc,false_only,113,1554,7.271557271557271
4,2024-2025,afnc,records,6,3742,0.16034206306787813
4,2024-2025,afnc,source_year_text_dedup,6,3705,0.16194331983805668
4,2024-2025,afnc,false_only,5,3236,0.15451174289245984
4,2020-2021,afp,records,25,193,12.953367875647668
4,2020-2021,afp,source_year_text_dedup,25,192,13.020833333333334
4,2020-2021,afp,false_only,15,118,12.711864406779661
4,2024-2025,afp,records,0,247,0.0
4,2024-2025,afp,source_year_text_dedup,0,246,0.0
4,2024-2025,afp,false_only,0,230,0.0
4,2020-2021,sure_share,records,33,359,9.192200557103064
4,2020-2021,sure_share,source_year_text_dedup,33,357,9.243697478991596
4,2020-2021,sure_share,false_only,23,192,11.979166666666666
4,2024-2025,sure_share,records,3,625,0.48
4,2024-2025,sure_share,source_year_text_dedup,3,618,0.4854368932038835
4,2024-2025,sure_share,false_only,2,380,0.5263157894736842
6,2020-2021,all,records,3,2465,0.12170385395537525
6,2020-2021,all,source_year_text_dedup,3,2432,0.12335526315789473
6,2020-2021,all,false_only,3,1865,0.16085790884718498
6,2024-2025,all,records,156,4836,3.225806451612903
6,2024-2025,all,source_year_text_dedup,156,4790,3.25678496868476
6,2024-2025,all,false_only,135,4001,3.374156460884779
6,2020-2021,afnc,records,2,1911,0.10465724751439037
6,2020-2021,afnc,source_year_text_dedup,2,1881,0.1063264221158958
6,2020-2021,afnc,false_only,2,1554,0.1287001287001287
6,2024-2025,afnc,records,122,3742,3.260288615713522
6,2024-2025,afnc,source_year_text_dedup,122,3705,3.292847503373819
6,2024-2025,afnc,false_only,106,3236,3.275648949320148
6,2020-2021,afp,records,1,193,0.5181347150259067
6,2020-2021,afp,source_year_text_dedup,1,192,0.5208333333333334
6,2020-2021,afp,false_only,1,118,0.847457627118644
6,2024-2025,afp,records,1,247,0.4048582995951417
6,2024-2025,afp,source_year_text_dedup,1,246,0.4065040650406504
6,2024-2025,afp,false_only,1,230,0.43478260869565216
6,2020-2021,sure_share,records,0,359,0.0
6,2020-2021,sure_share,source_year_text_dedup,0,357,0.0
6,2020-2021,sure_share,false_only,0,192,0.0
6,2024-2025,sure_share,records,0,625,0.0
6,2024-2025,sure_share,source_year_text_dedup,0,618,0.0
6,2024-2025,sure_share,false_only,0,380,0.0
7,2020-2021,all,records,169,2465,6.855983772819473
7,2020-2021,all,source_year_text_dedup,168,2432,6.907894736842105
7,2020-2021,all,false_only,150,1865,8.04289544235925
7,2024-2025,all,records,14,4836,0.2894954507857734
7,2024-2025,all,source_year_text_dedup,13,4790,0.27139874739039666
7,2024-2025,all,false_only,5,4001,0.12496875781054737
7,2020-2021,afnc,records,160,1911,8.372579801151229
7,2020-2021,afnc,source_year_text_dedup,159,1881,8.452950558213717
7,2020-2021,afnc,false_only,142,1554,9.137709137709138
7,2024-2025,afnc,records,13,3742,0.347407803313736
7,2024-2025,afnc,source_year_text_dedup,12,3705,0.32388663967611336
7,2024-2025,afnc,false_only,4,3236,0.12360939431396786
7,2020-2021,afp,records,6,193,3.1088082901554404
7,2020-2021,afp,source_year_text_dedup,6,192,3.125
7,2020-2021,afp,false_only,5,118,4.237288135593221
7,2024-2025,afp,records,1,247,0.4048582995951417
7,2024-2025,afp,source_year_text_dedup,1,246,0.4065040650406504
7,2024-2025,afp,false_only,1,230,0.43478260869565216
7,2020-2021,sure_share,records,3,359,0.8356545961002786
7,2020-2021,sure_share,source_year_text_dedup,3,357,0.8403361344537815
7,2020-2021,sure_share,false_only,3,192,1.5625
7,2024-2025,sure_share,records,0,625,0.0
7,2024-2025,sure_share,source_year_text_dedup,0,618,0.0
7,2024-2025,sure_share,false_only,0,380,0.0
11,2020-2021,all,records,0,2465,0.0
11,2020-2021,all,source_year_text_dedup,0,2432,0.0
11,2020-2021,all,false_only,0,1865,0.0
11,2024-2025,all,records,161,4836,3.329197684036394
11,2024-2025,all,source_year_text_dedup,161,4790,3.361169102296451
11,2024-2025,all,false_only,157,4001,3.924018995251187
11,2020-2021,afnc,records,0,1911,0.0
11,2020-2021,afnc,source_year_text_dedup,0,1881,0.0
11,2020-2021,afnc,false_only,0,1554,0.0
11,2024-2025,afnc,records,159,3742,4.249064671298771
11,2024-2025,afnc,source_year_text_dedup,159,3705,4.291497975708502
11,2024-2025,afnc,false_only,155,3236,4.789864029666255
11,2020-2021,afp,records,0,193,0.0
11,2020-2021,afp,source_year_text_dedup,0,192,0.0
11,2020-2021,afp,false_only,0,118,0.0
11,2024-2025,afp,records,0,247,0.0
11,2024-2025,afp,source_year_text_dedup,0,246,0.0
11,2024-2025,afp,false_only,0,230,0.0
11,2020-2021,sure_share,records,0,359,0.0
11,2020-2021,sure_share,source_year_text_dedup,0,357,0.0
11,2020-2021,sure_share,false_only,0,192,0.0
11,2024-2025,sure_share,records,0,625,0.0
11,2024-2025,sure_share,source_year_text_dedup,0,618,0.0
11,2024-2025,sure_share,false_only,0,380,0.0
18,2020-2021,all,records,39,2465,1.5821501014198782
18,2020-2021,all,source_year_text_dedup,39,2432,1.6036184210526316
18,2020-2021,all,false_only,32,1865,1.7158176943699732
18,2024-2025,all,records,44,4836,0.9098428453267163
18,2024-2025,all,source_year_text_dedup,43,4790,0.8977035490605428
18,2024-2025,all,false_only,38,4001,0.94976255936016
18,2020-2021,afnc,records,30,1911,1.5698587127158556
18,2020-2021,afnc,source_year_text_dedup,30,1881,1.594896331738437
18,2020-2021,afnc,false_only,25,1554,1.6087516087516087
18,2024-2025,afnc,records,6,3742,0.16034206306787813
18,2024-2025,afnc,source_year_text_dedup,6,3705,0.16194331983805668
18,2024-2025,afnc,false_only,1,3236,0.030902348578491966
18,2020-2021,afp,records,1,193,0.5181347150259067
18,2020-2021,afp,source_year_text_dedup,1,192,0.5208333333333334
18,2020-2021,afp,false_only,0,118,0.0
18,2024-2025,afp,records,4,247,1.6194331983805668
18,2024-2025,afp,source_year_text_dedup,4,246,1.6260162601626016
18,2024-2025,afp,false_only,4,230,1.7391304347826086
18,2020-2021,sure_share,records,8,359,2.2284122562674096
18,2020-2021,sure_share,source_year_text_dedup,8,357,2.2408963585434174
18,2020-2021,sure_share,false_only,7,192,3.6458333333333335
18,2024-2025,sure_share,records,34,625,5.44
18,2024-2025,sure_share,source_year_text_dedup,33,618,5.339805825242719
18,2024-2025,sure_share,false_only,33,380,8.68421052631579
28,2020-2021,all,records,3,2465,0.12170385395537525
28,2020-2021,all,source_year_text_dedup,3,2432,0.12335526315789473
28,2020-2021,all,false_only,1,1865,0.05361930294906166
28,2024-2025,all,records,33,4836,0.6823821339950372
28,2024-2025,all,source_year_text_dedup,33,4790,0.6889352818371608
28,2024-2025,all,false_only,23,4001,0.5748562859285179
28,2020-2021,afnc,records,2,1911,0.10465724751439037
28,2020-2021,afnc,source_year_text_dedup,2,1881,0.1063264221158958
28,2020-2021,afnc,false_only,1,1554,0.06435006435006435
28,2024-2025,afnc,records,27,3742,0.7215392838054516
28,2024-2025,afnc,source_year_text_dedup,27,3705,0.728744939271255
28,2024-2025,afnc,false_only,19,3236,0.5871446229913473
28,2020-2021,afp,records,1,193,0.5181347150259067
28,2020-2021,afp,source_year_text_dedup,1,192,0.5208333333333334
28,2020-2021,afp,false_only,0,118,0.0
28,2024-2025,afp,records,0,247,0.0
28,2024-2025,afp,source_year_text_dedup,0,246,0.0
28,2024-2025,afp,false_only,0,230,0.0
28,2020-2021,sure_share,records,0,359,0.0
28,2020-2021,sure_share,source_year_text_dedup,0,357,0.0
28,2020-2021,sure_share,false_only,0,192,0.0
28,2024-2025,sure_share,records,0,625,0.0
28,2024-2025,sure_share,source_year_text_dedup,0,618,0.0
28,2024-2025,sure_share,false_only,0,380,0.0
49,2020-2021,all,records,2,2465,0.08113590263691683
49,2020-2021,all,source_year_text_dedup,2,2432,0.08223684210526316
49,2020-2021,all,false_only,2,1865,0.10723860589812333
49,2024-2025,all,records,29,4836,0.5996691480562448
49,2024-2025,all,source_year_text_dedup,29,4790,0.605427974947808
49,2024-2025,all,false_only,21,4001,0.5248687828042989
49,2020-2021,afnc,records,2,1911,0.10465724751439037
49,2020-2021,afnc,source_year_text_dedup,2,1881,0.1063264221158958
49,2020-2021,afnc,false_only,2,1554,0.1287001287001287
49,2024-2025,afnc,records,21,3742,0.5611972207375735
49,2024-2025,afnc,source_year_text_dedup,21,3705,0.5668016194331984
49,2024-2025,afnc,false_only,17,3236,0.5253399258343634
49,2020-2021,afp,records,0,193,0.0
49,2020-2021,afp,source_year_text_dedup,0,192,0.0
49,2020-2021,afp,false_only,0,118,0.0
49,2024-2025,afp,records,2,247,0.8097165991902834
49,2024-2025,afp,source_year_text_dedup,2,246,0.8130081300813008
49,2024-2025,afp,false_only,2,230,0.8695652173913043
49,2020-2021,sure_share,records,0,359,0.0
49,2020-2021,sure_share,source_year_text_dedup,0,357,0.0
49,2020-2021,sure_share,false_only,0,192,0.0
49,2024-2025,sure_share,records,0,625,0.0
49,2024-2025,sure_share,source_year_text_dedup,0,618,0.0
49,2024-2025,sure_share,false_only,0,380,0.0
