original_topic,refit_topic,jaccard_unique_texts,early_count,early_denominator,early_share_pct,late_count,late_denominator,late_share_pct,late_minus_early_pp
0,3,0.9920948616600791,872,2435,35.81108829568789,1262,4829,26.13377510871816,-9.677313186969727
1,17,0.5663265306122449,3,2435,0.12320328542094455,63,4829,1.3046179333195278,1.1814146478985832
2,9,0.6459627329192547,2,2435,0.08213552361396304,140,4829,2.8991509629322842,2.8170154393183213
3,47,0.7571428571428571,29,2435,1.1909650924024642,63,4829,1.3046179333195278,0.11365284091706362
4,22,0.8249158249158249,217,2435,8.91170431211499,12,4829,0.24849865396562434,-8.663205658149366
5,26,0.45119705340699817,81,2435,3.326488706365503,241,4829,4.990681300476289,1.6641925941107858
6,50,0.370253164556962,28,2435,1.1498973305954825,330,4829,6.83371298405467,5.683815653459187
7,20,0.7882882882882883,149,2435,6.119096509240246,10,4829,0.2070822116380203,-5.912014297602226
8,23,0.5462962962962963,14,2435,0.5749486652977412,53,4829,1.0975357216815076,0.5225870563837663
9,12,0.8090909090909091,6,2435,0.2464065708418891,93,4829,1.9258645682335886,1.6794579973916997
10,53,0.6683673469387755,4,2435,0.16427104722792607,41,4829,0.8490370677158832,0.6847660204879571
11,45,0.85,0,2435,0.0,163,4829,3.3754400496997308,3.3754400496997308
12,48,0.85,16,2435,0.6570841889117043,41,4829,0.8490370677158832,0.19195287880417888
13,32,0.4394736842105263,89,2435,3.6550308008213555,98,4829,2.0294056740525988,-1.6256251267687567
14,41,0.8076923076923077,29,2435,1.1909650924024642,63,4829,1.3046179333195278,0.11365284091706362
15,15,0.7450980392156863,2,2435,0.08213552361396304,89,4829,1.8430316835783807,1.7608961599644175
16,44,0.803921568627451,4,2435,0.16427104722792607,92,4829,1.9051563470697868,1.7408852998418607
17,36,0.8709677419354839,24,2435,0.9856262833675564,22,4829,0.45558086560364464,-0.5300454177639118
18,21,0.3542319749216301,160,2435,6.570841889117043,70,4829,1.4495754814661421,-5.121266407650901
19,38,0.7751937984496124,50,2435,2.0533880903490758,25,4829,0.5177055290950507,-1.535682561254025
20,25,0.7751937984496124,37,2435,1.5195071868583163,22,4829,0.45558086560364464,-1.0639263212546717
21,1,1.0,2,2435,0.08213552361396304,66,4829,1.366742596810934,1.284607073196971
22,30,0.7967479674796748,22,2435,0.9034907597535934,48,4829,0.9939946158624974,0.09050385610890399
23,26,0.18382352941176472,81,2435,3.326488706365503,241,4829,4.990681300476289,1.6641925941107858
24,0,1.0,0,2435,0.0,78,4829,1.6152412507765583,1.6152412507765583
25,11,0.9207920792079208,6,2435,0.2464065708418891,30,4829,0.6212466349140608,0.37484006407217174
26,6,0.9175257731958762,1,2435,0.04106776180698152,35,4829,0.7247877407330711,0.6837199789260895
27,52,0.5111111111111111,2,2435,0.08213552361396304,20,4829,0.4141644232760406,0.33202889966207755
28,50,0.13015873015873017,28,2435,1.1498973305954825,330,4829,6.83371298405467,5.683815653459187
29,42,0.4107142857142857,6,2435,0.2464065708418891,26,4829,0.5384137502588527,0.29200717941696364
30,40,0.7325581395348837,33,2435,1.3552361396303902,11,4829,0.22779043280182232,-1.127445706828568
31,4,1.0,0,2435,0.0,25,4829,0.5177055290950507,0.5177055290950507
32,26,0.13627992633517497,81,2435,3.326488706365503,241,4829,4.990681300476289,1.6641925941107858
33,49,0.5176470588235295,22,2435,0.9034907597535934,13,4829,0.26920687512942637,-0.634283884624167
34,29,0.9210526315789473,0,2435,0.0,39,4829,0.8076206253882792,0.8076206253882792
35,13,0.9041095890410958,0,2435,0.0,15,4829,0.3106233174570304,0.3106233174570304
36,27,1.0,0,2435,0.0,57,4829,1.1803686063367156,1.1803686063367156
37,55,0.5213675213675214,1,2435,0.04106776180698152,66,4829,1.366742596810934,1.3256748350039524
38,7,0.29357798165137616,0,2435,0.0,152,4829,3.1476496168979087,3.1476496168979087
39,34,0.6966292134831461,5,2435,0.2053388090349076,73,4829,1.5117001449575482,1.3063613359226407
40,51,0.8676470588235294,54,2435,2.217659137577002,0,4829,0.0,-2.217659137577002
41,2,0.9833333333333333,5,2435,0.2053388090349076,18,4829,0.37274798094843653,0.16740917191352894
42,33,0.9206349206349206,27,2435,1.108829568788501,15,4829,0.3106233174570304,-0.7982062513314706
43,46,0.6545454545454545,2,2435,0.08213552361396304,11,4829,0.22779043280182232,0.14565490918785928
44,10,1.0,0,2435,0.0,41,4829,0.8490370677158832,0.8490370677158832
45,7,0.24311926605504589,0,2435,0.0,152,4829,3.1476496168979087,3.1476496168979087
46,32,0.13192612137203166,89,2435,3.6550308008213555,98,4829,2.0294056740525988,-1.6256251267687567
47,28,0.96,3,2435,0.12320328542094455,41,4829,0.8490370677158832,0.7258337822949386
48,21,0.1550632911392405,160,2435,6.570841889117043,70,4829,1.4495754814661421,-5.121266407650901
49,35,0.40625,3,2435,0.12320328542094455,19,4829,0.3934562021122386,0.27025291669129403
50,16,0.88,1,2435,0.04106776180698152,26,4829,0.5384137502588527,0.4973459884518712
51,37,0.6617647058823529,25,2435,1.0266940451745379,18,4829,0.37274798094843653,-0.6539460642261014
52,50,0.07313195548489666,28,2435,1.1498973305954825,330,4829,6.83371298405467,5.683815653459187
53,5,0.9767441860465116,0,2435,0.0,28,4829,0.5798301925864568,0.5798301925864568
54,33,0.014492753623188406,27,2435,1.108829568788501,15,4829,0.3106233174570304,-0.7982062513314706
55,31,0.9512195121951219,9,2435,0.36960985626283366,5,4829,0.10354110581901015,-0.2660687504438235
56,14,0.9230769230769231,10,2435,0.4106776180698152,16,4829,0.3313315386208325,-0.0793460794489827
57,54,0.7209302325581395,2,2435,0.08213552361396304,29,4829,0.6005384137502588,0.5184028901362958
58,21,0.1069182389937107,160,2435,6.570841889117043,70,4829,1.4495754814661421,-5.121266407650901
59,32,0.09498680738786279,89,2435,3.6550308008213555,98,4829,2.0294056740525988,-1.6256251267687567
60,39,0.390625,34,2435,1.3963039014373717,6,4829,0.12424932698281217,-1.2720545744545595
61,0,0.0,0,2435,0.0,78,4829,1.6152412507765583,1.6152412507765583
62,7,0.14220183486238533,0,2435,0.0,152,4829,3.1476496168979087,3.1476496168979087
63,50,0.046031746031746035,28,2435,1.1498973305954825,330,4829,6.83371298405467,5.683815653459187
