year,scope,subtopic_id,count,denominator,share_pct,status
2015,all_screened,-1,0,0,,"exploratory assistant-screened subtopic, NOT human-validated frame prevalence"
2015,resident_refugee_status,-1,0,0,,"exploratory assistant-screened subtopic, NOT human-validated frame prevalence"
2016,all_screened,-1,0,0,,"exploratory assistant-screened subtopic, NOT human-validated frame prevalence"
2016,resident_refugee_status,-1,0,0,,"exploratory assistant-screened subtopic, NOT human-validated frame prevalence"
2017,all_screened,-1,0,0,,"exploratory assistant-screened subtopic, NOT human-validated frame prevalence"
2017,resident_refugee_status,-1,0,0,,"exploratory assistant-screened subtopic, NOT human-validated frame prevalence"
2018,all_screened,-1,0,0,,"exploratory assistant-screened subtopic, NOT human-validated frame prevalence"
2018,resident_refugee_status,-1,0,0,,"exploratory assistant-screened subtopic, NOT human-validated frame prevalence"
2019,all_screened,-1,0,0,,"exploratory assistant-screened subtopic, NOT human-validated frame prevalence"
2019,resident_refugee_status,-1,0,0,,"exploratory assistant-screened subtopic, NOT human-validated frame prevalence"
2020,all_screened,-1,1,4,25.0,"exploratory assistant-screened subtopic, NOT human-validated frame prevalence"
2020,resident_refugee_status,-1,1,4,25.0,"exploratory assistant-screened subtopic, NOT human-validated frame prevalence"
2021,all_screened,-1,2,4,50.0,"exploratory assistant-screened subtopic, NOT human-validated frame prevalence"
2021,resident_refugee_status,-1,2,4,50.0,"exploratory assistant-screened subtopic, NOT human-validated frame prevalence"
2022,all_screened,-1,3,6,50.0,"exploratory assistant-screened subtopic, NOT human-validated frame prevalence"
2022,resident_refugee_status,-1,3,6,50.0,"exploratory assistant-screened subtopic, NOT human-validated frame prevalence"
2023,all_screened,-1,0,4,0.0,"exploratory assistant-screened subtopic, NOT human-validated frame prevalence"
2023,resident_refugee_status,-1,0,4,0.0,"exploratory assistant-screened subtopic, NOT human-validated frame prevalence"
2024,all_screened,-1,2,16,12.5,"exploratory assistant-screened subtopic, NOT human-validated frame prevalence"
2024,resident_refugee_status,-1,2,16,12.5,"exploratory assistant-screened subtopic, NOT human-validated frame prevalence"
2025,all_screened,-1,0,33,0.0,"exploratory assistant-screened subtopic, NOT human-validated frame prevalence"
2025,resident_refugee_status,-1,0,27,0.0,"exploratory assistant-screened subtopic, NOT human-validated frame prevalence"
2026,all_screened,-1,3,51,5.882352941176471,"exploratory assistant-screened subtopic, NOT human-validated frame prevalence"
2026,resident_refugee_status,-1,2,38,5.2631578947368425,"exploratory assistant-screened subtopic, NOT human-validated frame prevalence"
2015,all_screened,0,0,0,,"exploratory assistant-screened subtopic, NOT human-validated frame prevalence"
2015,resident_refugee_status,0,0,0,,"exploratory assistant-screened subtopic, NOT human-validated frame prevalence"
2016,all_screened,0,0,0,,"exploratory assistant-screened subtopic, NOT human-validated frame prevalence"
2016,resident_refugee_status,0,0,0,,"exploratory assistant-screened subtopic, NOT human-validated frame prevalence"
2017,all_screened,0,0,0,,"exploratory assistant-screened subtopic, NOT human-validated frame prevalence"
2017,resident_refugee_status,0,0,0,,"exploratory assistant-screened subtopic, NOT human-validated frame prevalence"
2018,all_screened,0,0,0,,"exploratory assistant-screened subtopic, NOT human-validated frame prevalence"
2018,resident_refugee_status,0,0,0,,"exploratory assistant-screened subtopic, NOT human-validated frame prevalence"
2019,all_screened,0,0,0,,"exploratory assistant-screened subtopic, NOT human-validated frame prevalence"
2019,resident_refugee_status,0,0,0,,"exploratory assistant-screened subtopic, NOT human-validated frame prevalence"
2020,all_screened,0,1,4,25.0,"exploratory assistant-screened subtopic, NOT human-validated frame prevalence"
2020,resident_refugee_status,0,1,4,25.0,"exploratory assistant-screened subtopic, NOT human-validated frame prevalence"
2021,all_screened,0,0,4,0.0,"exploratory assistant-screened subtopic, NOT human-validated frame prevalence"
2021,resident_refugee_status,0,0,4,0.0,"exploratory assistant-screened subtopic, NOT human-validated frame prevalence"
2022,all_screened,0,0,6,0.0,"exploratory assistant-screened subtopic, NOT human-validated frame prevalence"
2022,resident_refugee_status,0,0,6,0.0,"exploratory assistant-screened subtopic, NOT human-validated frame prevalence"
2023,all_screened,0,0,4,0.0,"exploratory assistant-screened subtopic, NOT human-validated frame prevalence"
2023,resident_refugee_status,0,0,4,0.0,"exploratory assistant-screened subtopic, NOT human-validated frame prevalence"
2024,all_screened,0,3,16,18.75,"exploratory assistant-screened subtopic, NOT human-validated frame prevalence"
2024,resident_refugee_status,0,3,16,18.75,"exploratory assistant-screened subtopic, NOT human-validated frame prevalence"
2025,all_screened,0,7,33,21.21212121212121,"exploratory assistant-screened subtopic, NOT human-validated frame prevalence"
2025,resident_refugee_status,0,7,27,25.925925925925927,"exploratory assistant-screened subtopic, NOT human-validated frame prevalence"
2026,all_screened,0,16,51,31.372549019607842,"exploratory assistant-screened subtopic, NOT human-validated frame prevalence"
2026,resident_refugee_status,0,12,38,31.57894736842105,"exploratory assistant-screened subtopic, NOT human-validated frame prevalence"
2015,all_screened,1,0,0,,"exploratory assistant-screened subtopic, NOT human-validated frame prevalence"
2015,resident_refugee_status,1,0,0,,"exploratory assistant-screened subtopic, NOT human-validated frame prevalence"
2016,all_screened,1,0,0,,"exploratory assistant-screened subtopic, NOT human-validated frame prevalence"
2016,resident_refugee_status,1,0,0,,"exploratory assistant-screened subtopic, NOT human-validated frame prevalence"
2017,all_screened,1,0,0,,"exploratory assistant-screened subtopic, NOT human-validated frame prevalence"
2017,resident_refugee_status,1,0,0,,"exploratory assistant-screened subtopic, NOT human-validated frame prevalence"
2018,all_screened,1,0,0,,"exploratory assistant-screened subtopic, NOT human-validated frame prevalence"
2018,resident_refugee_status,1,0,0,,"exploratory assistant-screened subtopic, NOT human-validated frame prevalence"
2019,all_screened,1,0,0,,"exploratory assistant-screened subtopic, NOT human-validated frame prevalence"
2019,resident_refugee_status,1,0,0,,"exploratory assistant-screened subtopic, NOT human-validated frame prevalence"
2020,all_screened,1,1,4,25.0,"exploratory assistant-screened subtopic, NOT human-validated frame prevalence"
2020,resident_refugee_status,1,1,4,25.0,"exploratory assistant-screened subtopic, NOT human-validated frame prevalence"
2021,all_screened,1,0,4,0.0,"exploratory assistant-screened subtopic, NOT human-validated frame prevalence"
2021,resident_refugee_status,1,0,4,0.0,"exploratory assistant-screened subtopic, NOT human-validated frame prevalence"
2022,all_screened,1,0,6,0.0,"exploratory assistant-screened subtopic, NOT human-validated frame prevalence"
2022,resident_refugee_status,1,0,6,0.0,"exploratory assistant-screened subtopic, NOT human-validated frame prevalence"
2023,all_screened,1,3,4,75.0,"exploratory assistant-screened subtopic, NOT human-validated frame prevalence"
2023,resident_refugee_status,1,3,4,75.0,"exploratory assistant-screened subtopic, NOT human-validated frame prevalence"
2024,all_screened,1,5,16,31.25,"exploratory assistant-screened subtopic, NOT human-validated frame prevalence"
2024,resident_refugee_status,1,5,16,31.25,"exploratory assistant-screened subtopic, NOT human-validated frame prevalence"
2025,all_screened,1,8,33,24.242424242424242,"exploratory assistant-screened subtopic, NOT human-validated frame prevalence"
2025,resident_refugee_status,1,8,27,29.62962962962963,"exploratory assistant-screened subtopic, NOT human-validated frame prevalence"
2026,all_screened,1,8,51,15.686274509803921,"exploratory assistant-screened subtopic, NOT human-validated frame prevalence"
2026,resident_refugee_status,1,8,38,21.05263157894737,"exploratory assistant-screened subtopic, NOT human-validated frame prevalence"
2015,all_screened,2,0,0,,"exploratory assistant-screened subtopic, NOT human-validated frame prevalence"
2015,resident_refugee_status,2,0,0,,"exploratory assistant-screened subtopic, NOT human-validated frame prevalence"
2016,all_screened,2,0,0,,"exploratory assistant-screened subtopic, NOT human-validated frame prevalence"
2016,resident_refugee_status,2,0,0,,"exploratory assistant-screened subtopic, NOT human-validated frame prevalence"
2017,all_screened,2,0,0,,"exploratory assistant-screened subtopic, NOT human-validated frame prevalence"
2017,resident_refugee_status,2,0,0,,"exploratory assistant-screened subtopic, NOT human-validated frame prevalence"
2018,all_screened,2,0,0,,"exploratory assistant-screened subtopic, NOT human-validated frame prevalence"
2018,resident_refugee_status,2,0,0,,"exploratory assistant-screened subtopic, NOT human-validated frame prevalence"
2019,all_screened,2,0,0,,"exploratory assistant-screened subtopic, NOT human-validated frame prevalence"
2019,resident_refugee_status,2,0,0,,"exploratory assistant-screened subtopic, NOT human-validated frame prevalence"
2020,all_screened,2,0,4,0.0,"exploratory assistant-screened subtopic, NOT human-validated frame prevalence"
2020,resident_refugee_status,2,0,4,0.0,"exploratory assistant-screened subtopic, NOT human-validated frame prevalence"
2021,all_screened,2,0,4,0.0,"exploratory assistant-screened subtopic, NOT human-validated frame prevalence"
2021,resident_refugee_status,2,0,4,0.0,"exploratory assistant-screened subtopic, NOT human-validated frame prevalence"
2022,all_screened,2,0,6,0.0,"exploratory assistant-screened subtopic, NOT human-validated frame prevalence"
2022,resident_refugee_status,2,0,6,0.0,"exploratory assistant-screened subtopic, NOT human-validated frame prevalence"
2023,all_screened,2,0,4,0.0,"exploratory assistant-screened subtopic, NOT human-validated frame prevalence"
2023,resident_refugee_status,2,0,4,0.0,"exploratory assistant-screened subtopic, NOT human-validated frame prevalence"
2024,all_screened,2,0,16,0.0,"exploratory assistant-screened subtopic, NOT human-validated frame prevalence"
2024,resident_refugee_status,2,0,16,0.0,"exploratory assistant-screened subtopic, NOT human-validated frame prevalence"
2025,all_screened,2,9,33,27.272727272727273,"exploratory assistant-screened subtopic, NOT human-validated frame prevalence"
2025,resident_refugee_status,2,3,27,11.11111111111111,"exploratory assistant-screened subtopic, NOT human-validated frame prevalence"
2026,all_screened,2,11,51,21.568627450980394,"exploratory assistant-screened subtopic, NOT human-validated frame prevalence"
2026,resident_refugee_status,2,3,38,7.894736842105263,"exploratory assistant-screened subtopic, NOT human-validated frame prevalence"
2015,all_screened,3,0,0,,"exploratory assistant-screened subtopic, NOT human-validated frame prevalence"
2015,resident_refugee_status,3,0,0,,"exploratory assistant-screened subtopic, NOT human-validated frame prevalence"
2016,all_screened,3,0,0,,"exploratory assistant-screened subtopic, NOT human-validated frame prevalence"
2016,resident_refugee_status,3,0,0,,"exploratory assistant-screened subtopic, NOT human-validated frame prevalence"
2017,all_screened,3,0,0,,"exploratory assistant-screened subtopic, NOT human-validated frame prevalence"
2017,resident_refugee_status,3,0,0,,"exploratory assistant-screened subtopic, NOT human-validated frame prevalence"
2018,all_screened,3,0,0,,"exploratory assistant-screened subtopic, NOT human-validated frame prevalence"
2018,resident_refugee_status,3,0,0,,"exploratory assistant-screened subtopic, NOT human-validated frame prevalence"
2019,all_screened,3,0,0,,"exploratory assistant-screened subtopic, NOT human-validated frame prevalence"
2019,resident_refugee_status,3,0,0,,"exploratory assistant-screened subtopic, NOT human-validated frame prevalence"
2020,all_screened,3,1,4,25.0,"exploratory assistant-screened subtopic, NOT human-validated frame prevalence"
2020,resident_refugee_status,3,1,4,25.0,"exploratory assistant-screened subtopic, NOT human-validated frame prevalence"
2021,all_screened,3,0,4,0.0,"exploratory assistant-screened subtopic, NOT human-validated frame prevalence"
2021,resident_refugee_status,3,0,4,0.0,"exploratory assistant-screened subtopic, NOT human-validated frame prevalence"
2022,all_screened,3,0,6,0.0,"exploratory assistant-screened subtopic, NOT human-validated frame prevalence"
2022,resident_refugee_status,3,0,6,0.0,"exploratory assistant-screened subtopic, NOT human-validated frame prevalence"
2023,all_screened,3,0,4,0.0,"exploratory assistant-screened subtopic, NOT human-validated frame prevalence"
2023,resident_refugee_status,3,0,4,0.0,"exploratory assistant-screened subtopic, NOT human-validated frame prevalence"
2024,all_screened,3,5,16,31.25,"exploratory assistant-screened subtopic, NOT human-validated frame prevalence"
2024,resident_refugee_status,3,5,16,31.25,"exploratory assistant-screened subtopic, NOT human-validated frame prevalence"
2025,all_screened,3,5,33,15.151515151515152,"exploratory assistant-screened subtopic, NOT human-validated frame prevalence"
2025,resident_refugee_status,3,5,27,18.51851851851852,"exploratory assistant-screened subtopic, NOT human-validated frame prevalence"
2026,all_screened,3,4,51,7.8431372549019605,"exploratory assistant-screened subtopic, NOT human-validated frame prevalence"
2026,resident_refugee_status,3,4,38,10.526315789473685,"exploratory assistant-screened subtopic, NOT human-validated frame prevalence"
2015,all_screened,4,0,0,,"exploratory assistant-screened subtopic, NOT human-validated frame prevalence"
2015,resident_refugee_status,4,0,0,,"exploratory assistant-screened subtopic, NOT human-validated frame prevalence"
2016,all_screened,4,0,0,,"exploratory assistant-screened subtopic, NOT human-validated frame prevalence"
2016,resident_refugee_status,4,0,0,,"exploratory assistant-screened subtopic, NOT human-validated frame prevalence"
2017,all_screened,4,0,0,,"exploratory assistant-screened subtopic, NOT human-validated frame prevalence"
2017,resident_refugee_status,4,0,0,,"exploratory assistant-screened subtopic, NOT human-validated frame prevalence"
2018,all_screened,4,0,0,,"exploratory assistant-screened subtopic, NOT human-validated frame prevalence"
2018,resident_refugee_status,4,0,0,,"exploratory assistant-screened subtopic, NOT human-validated frame prevalence"
2019,all_screened,4,0,0,,"exploratory assistant-screened subtopic, NOT human-validated frame prevalence"
2019,resident_refugee_status,4,0,0,,"exploratory assistant-screened subtopic, NOT human-validated frame prevalence"
2020,all_screened,4,0,4,0.0,"exploratory assistant-screened subtopic, NOT human-validated frame prevalence"
2020,resident_refugee_status,4,0,4,0.0,"exploratory assistant-screened subtopic, NOT human-validated frame prevalence"
2021,all_screened,4,2,4,50.0,"exploratory assistant-screened subtopic, NOT human-validated frame prevalence"
2021,resident_refugee_status,4,2,4,50.0,"exploratory assistant-screened subtopic, NOT human-validated frame prevalence"
2022,all_screened,4,3,6,50.0,"exploratory assistant-screened subtopic, NOT human-validated frame prevalence"
2022,resident_refugee_status,4,3,6,50.0,"exploratory assistant-screened subtopic, NOT human-validated frame prevalence"
2023,all_screened,4,1,4,25.0,"exploratory assistant-screened subtopic, NOT human-validated frame prevalence"
2023,resident_refugee_status,4,1,4,25.0,"exploratory assistant-screened subtopic, NOT human-validated frame prevalence"
2024,all_screened,4,1,16,6.25,"exploratory assistant-screened subtopic, NOT human-validated frame prevalence"
2024,resident_refugee_status,4,1,16,6.25,"exploratory assistant-screened subtopic, NOT human-validated frame prevalence"
2025,all_screened,4,3,33,9.090909090909092,"exploratory assistant-screened subtopic, NOT human-validated frame prevalence"
2025,resident_refugee_status,4,3,27,11.11111111111111,"exploratory assistant-screened subtopic, NOT human-validated frame prevalence"
2026,all_screened,4,1,51,1.9607843137254901,"exploratory assistant-screened subtopic, NOT human-validated frame prevalence"
2026,resident_refugee_status,4,1,38,2.6315789473684212,"exploratory assistant-screened subtopic, NOT human-validated frame prevalence"
2015,all_screened,5,0,0,,"exploratory assistant-screened subtopic, NOT human-validated frame prevalence"
2015,resident_refugee_status,5,0,0,,"exploratory assistant-screened subtopic, NOT human-validated frame prevalence"
2016,all_screened,5,0,0,,"exploratory assistant-screened subtopic, NOT human-validated frame prevalence"
2016,resident_refugee_status,5,0,0,,"exploratory assistant-screened subtopic, NOT human-validated frame prevalence"
2017,all_screened,5,0,0,,"exploratory assistant-screened subtopic, NOT human-validated frame prevalence"
2017,resident_refugee_status,5,0,0,,"exploratory assistant-screened subtopic, NOT human-validated frame prevalence"
2018,all_screened,5,0,0,,"exploratory assistant-screened subtopic, NOT human-validated frame prevalence"
2018,resident_refugee_status,5,0,0,,"exploratory assistant-screened subtopic, NOT human-validated frame prevalence"
2019,all_screened,5,0,0,,"exploratory assistant-screened subtopic, NOT human-validated frame prevalence"
2019,resident_refugee_status,5,0,0,,"exploratory assistant-screened subtopic, NOT human-validated frame prevalence"
2020,all_screened,5,0,4,0.0,"exploratory assistant-screened subtopic, NOT human-validated frame prevalence"
2020,resident_refugee_status,5,0,4,0.0,"exploratory assistant-screened subtopic, NOT human-validated frame prevalence"
2021,all_screened,5,0,4,0.0,"exploratory assistant-screened subtopic, NOT human-validated frame prevalence"
2021,resident_refugee_status,5,0,4,0.0,"exploratory assistant-screened subtopic, NOT human-validated frame prevalence"
2022,all_screened,5,0,6,0.0,"exploratory assistant-screened subtopic, NOT human-validated frame prevalence"
2022,resident_refugee_status,5,0,6,0.0,"exploratory assistant-screened subtopic, NOT human-validated frame prevalence"
2023,all_screened,5,0,4,0.0,"exploratory assistant-screened subtopic, NOT human-validated frame prevalence"
2023,resident_refugee_status,5,0,4,0.0,"exploratory assistant-screened subtopic, NOT human-validated frame prevalence"
2024,all_screened,5,0,16,0.0,"exploratory assistant-screened subtopic, NOT human-validated frame prevalence"
2024,resident_refugee_status,5,0,16,0.0,"exploratory assistant-screened subtopic, NOT human-validated frame prevalence"
2025,all_screened,5,1,33,3.0303030303030303,"exploratory assistant-screened subtopic, NOT human-validated frame prevalence"
2025,resident_refugee_status,5,1,27,3.7037037037037037,"exploratory assistant-screened subtopic, NOT human-validated frame prevalence"
2026,all_screened,5,8,51,15.686274509803921,"exploratory assistant-screened subtopic, NOT human-validated frame prevalence"
2026,resident_refugee_status,5,8,38,21.05263157894737,"exploratory assistant-screened subtopic, NOT human-validated frame prevalence"
