Topic,Words,Frequency,Timestamp
-1,"โควิด, แม่, อพยพ, สอด, พรมแดน",1,2020
0,"หลบหนี, ทุบ, กำแพง, กักกัน, พื้นที่",1,2020
1,"สื่อ, มุสลิม, ออนไลน์, บัตร, ต่างด้าว",1,2020
3,"ราชวิถี, รพ., ไทรอยด์, ตรวจ, พม่า",1,2020
-1,"สาธารณสุข, ช่วยเหลือ, กรมการจัดหางาน, ยกเลิก, ปลดล็อก",2,2021
4,"มุสลิม, ข้าราชการ, ผู้ว่าฯ, จังหวัด, แอบ",2,2021
-1,"จ้างแรงงาน, ปลดล็อก, กระทรวง, อาชีพ, ต่างชาติ",3,2022
4,"ชาวมุสลิม, การแอบ, กลางคืน, เวลา, รถตู้",3,2022
1,"ลงทะเบียน, สำหรับ, บัตรประชาชน, เพจ, ทำ",3,2023
4,"กลางคืน, รถตู้, เวลา, ภูเก็ต, ลักลอบ",1,2023
-1,"เอื้อประโยชน์, หัก, ประกันสังคม, แรงงาน, ปลดล็อก",2,2024
0,"ตัดขาด, ประเทศ, ลาว, แรงงาน, กัมพูชา",3,2024
1,"ขึ้นทะเบียน, บัตร, แรงงาน, ต่างด้าว, dlt",5,2024
3,"พม่า, สอบ, การควบคุม, เอื้อ, เมียนมาร์",5,2024
4,"ได้มาตรฐาน, อย, รถเข็น, ผลิต, ไอศกรีม",1,2024
0,"แรงงาน, กระบะ, ขน, ดัดแปลง, แห่",7,2025
1,"ทำ, ใบขับขี่, ที่ทำกิน, คนไทย, ต่างด้าว",8,2025
2,"บ้าน, จาน, หนอง, กัมพูชา, ไทย",9,2025
3,"บาท, พม่า, ค่าแรง, ค่าแรงขั้นต่ำ, เรียกร้อง",5,2025
4,"ขอทาน, ต่างด้าว, ค้า, มนุษย์, พิมาย",3,2025
5,"หลักสูตร, นักศึกษาวิชาทหาร, ลูก, เขมร, เรียน",1,2025
-1,"แจก, กย, ปลุกปั่น, โพสต์, เติม",3,2026
0,"กัมพูชา, ไทย, จ่าย, แรงงาน, คน",16,2026
1,"สัญชาติ, คนต่างด้าว, ไทย, ต่างด้าว, โรงพยาบาล",8,2026
2,"กัมพูชา, ด่าน, เดิน, ซื้อ, ตม.",11,2026
3,"เมียนมา, นายหน้า, อาชีพ, พม่า, รัฐ",4,2026
4,"ขออนุญาต, เจาะ, ปิโตรเคมี, บ่อ, บาดาล",1,2026
5,"เด็ก, เรียน, ฟรี, ปริญญาตรี, ศธ",8,2026
