year,subtopic_id,candidate_count,candidate_denominator,candidate_share_pct,status
2015,0,0,0,,retrieval_pool_only_not_validated_narrative_share
2016,0,0,0,,retrieval_pool_only_not_validated_narrative_share
2017,0,0,0,,retrieval_pool_only_not_validated_narrative_share
2018,0,0,0,,retrieval_pool_only_not_validated_narrative_share
2019,0,0,0,,retrieval_pool_only_not_validated_narrative_share
2020,0,7,7,100.0,retrieval_pool_only_not_validated_narrative_share
2021,0,5,5,100.0,retrieval_pool_only_not_validated_narrative_share
2022,0,11,15,73.33333333333333,retrieval_pool_only_not_validated_narrative_share
2023,0,11,32,34.375,retrieval_pool_only_not_validated_narrative_share
2024,0,20,53,37.735849056603776,retrieval_pool_only_not_validated_narrative_share
2025,0,92,128,71.875,retrieval_pool_only_not_validated_narrative_share
2026,0,78,92,84.78260869565217,retrieval_pool_only_not_validated_narrative_share
2015,1,0,0,,retrieval_pool_only_not_validated_narrative_share
2016,1,0,0,,retrieval_pool_only_not_validated_narrative_share
2017,1,0,0,,retrieval_pool_only_not_validated_narrative_share
2018,1,0,0,,retrieval_pool_only_not_validated_narrative_share
2019,1,0,0,,retrieval_pool_only_not_validated_narrative_share
2020,1,0,7,0.0,retrieval_pool_only_not_validated_narrative_share
2021,1,0,5,0.0,retrieval_pool_only_not_validated_narrative_share
2022,1,4,15,26.666666666666668,retrieval_pool_only_not_validated_narrative_share
2023,1,21,32,65.625,retrieval_pool_only_not_validated_narrative_share
2024,1,33,53,62.264150943396224,retrieval_pool_only_not_validated_narrative_share
2025,1,36,128,28.125,retrieval_pool_only_not_validated_narrative_share
2026,1,14,92,15.217391304347826,retrieval_pool_only_not_validated_narrative_share
