topic_id,machine_keywords,human_label,review_status,records,unique_texts,share_pct,first_year,last_year,peak_share_year,representative_id,representative_claim,representative_url,representative_method
-1,ไทย | ประเทศ | เว็บไซต์ | ล้าน | โควิด | รัฐบาล | เงิน | บาท,,pending,2324,2251,16.106452283595537,2015,2026,2026,13131,ธ.ก.ส. เปิดเพจเฟซบุ๊ก ทุนไม่พอเราช่วยได้,https://www.antifakenewscenter.com/?p=23000,"nearest cosine centroid, original E5; not geometric projection"
0,กิน | มะเร็ง | รักษา | ดื่ม | อาการ | ลด | โรค | ผลิตภัณฑ์,,pending,5292,4546,36.67613833252478,2015,2026,2018,3030,ปล่อยให้ร่างกายขาดน้ำรุนแรง เสี่ยงโดนตัดขา,https://www.antifakenewscenter.com/?p=76408,"nearest cosine centroid, original E5; not geometric projection"
1,ปันผล | ลงทุน | ตลาดหลักทรัพย์ | กองทุน | เริ่มต้น | บาท | บาท ปันผล | เริ่มต้น บาท,,pending,385,384,2.6682375771016704,2021,2026,2023,8630,"ตลาดหลักทรัพย์ฯ ร่วมกับ CPALL เปิดให้ลงทุน 1,000 บาท ปันผล 10-25% ต่อวัน",https://www.antifakenewscenter.com/?p=51097,"nearest cosine centroid, original E5; not geometric projection"
2,ใบขับขี่ | ทำ ใบขับขี่ | ทำ | กรมการขนส่งทางบก | ออนไลน์ | ขนส่ง | เพจ | สอบ,,pending,324,321,2.245477857093354,2016,2026,2025,8990,กรมขนส่งทางบกรับทำใบขับขี่ ผ่านเพจ ทำใบขับขี่ออนไลน์,https://www.antifakenewscenter.com/?p=43071,"nearest cosine centroid, original E5; not geometric projection"
3,ออมสิน | ออมสิน ปล่อย | ปล่อย | สินเชื่อ | บาท | วงเงิน | วงเงิน บาท | ปล่อย สินเชื่อ,,pending,276,269,1.9128144708573012,2020,2026,2022,8907,"ออมสินปล่อยเงินกู้ฉุกเฉิน 5,000-1,000,000 บาท ผ่านเพจสินเชื่อ ออมสิน",https://www.antifakenewscenter.com/?p=49765,"nearest cosine centroid, original E5; not geometric projection"
4,โควิด | รักษา โควิด | ฆ่าเชื้อ | ต้าน | covid- | ฆ่าเชื้อ โควิด | ป้องกัน | เชื้อไวรัส,,pending,266,257,1.8435095987247903,2018,2026,2020,16251,รับประทานไข่ต้มต้าน COVID-19,https://www.antifakenewscenter.com/?p=3410,"nearest cosine centroid, original E5; not geometric projection"
5,พายุ | เตรียมรับมือ | ฝน | ลูก | วันที่ | กรม อุตุฯ | อุตุฯ | เตรียมรับมือ พายุ,,pending,246,245,1.7048998544597687,2015,2026,2022,11448,ไทยเตรียมรับมือพายุหลงฤดู ระวังลมกระโชกแรง,https://www.antifakenewscenter.com/?p=30992,"nearest cosine centroid, original E5; not geometric projection"
6,กัมพูชา | ทหาร | ไทย | ปราสาท | ทหาร ไทย | ทหาร กัมพูชา | ยิง | f-,,pending,237,237,1.6425254695405087,2021,2026,2025,222,ทหารกัมพูชา ถืออาวุธบุกรุกดินแดนไทย,https://www.antifakenewscenter.com/?p=88543,"nearest cosine centroid, original E5; not geometric projection"
7,ติดเชื้อ | covid- | เชื้อไวรัส | ติด เชื้อไวรัส | ติด | ติดเชื้อ covid- | โร นา | โค โร,,pending,225,219,1.5593596229814957,2016,2026,2020,16384,พบผู้ติดเชื้อไวรัส COVID-19 ที่โรงพยาบาลแห่งหนึ่งย่านราษฎร์บูรณะ,https://www.antifakenewscenter.com/?p=2465,"nearest cosine centroid, original E5; not geometric projection"
8,กฟภ. | ไฟฟ้า | pea | ไฟ | ค่า | ค่า ไฟ | ติดต่อ | แจ้ง,,pending,226,216,1.5662901101947468,2015,2026,2025,423,กฟภ. ส่ง SMS แจ้งคืนค่าประกันมิเตอร์ ตามนโยบายลดค่าไฟฟ้า,https://www.antifakenewscenter.com/?p=87618,"nearest cosine centroid, original E5; not geometric projection"
9,กรมการจัดหางาน | รับสมัคร | งาน | กรมพัฒนาฝีมือแรงงาน | สมัครงาน | กรมการจัดหางาน รับสมัคร | แพ็ก | รับสมัคร พนักงาน,,pending,208,201,1.4415413403562272,2021,2026,2024,678,กรมพัฒนาฝีมือแรงงาน เปิดเพจเฟซบุ๊ก จัดหางานแห่งประเทศไทย,https://www.antifakenewscenter.com/?p=86580,"nearest cosine centroid, original E5; not geometric projection"
10,อิหร่าน | โจมตี | อิสราเอล | คลิป | วิดีโอ | อิหร่าน โจมตี | ขีปนาวุธ | ยิง,,pending,187,187,1.2960011088779542,2016,2026,2026,16730,คลิปขีปนาวุธของอิหร่านโจมตีอิสราเอล,https://factcheckthailand.afp.com/doc.afp.com.A33Y2KE,"nearest cosine centroid, original E5; not geometric projection"
11,คืน | ปปง. | รับเงิน คืน | คืน เพจ | ผู้เสียหาย | รับเงิน | ลงทะเบียน | แก๊ง,,pending,184,183,1.2752096472382008,2022,2026,2025,4795,ปปง. เปิดให้ผู้เสียหายจากแก๊งคอลเซ็นเตอร์ ลงทะเบียนรับเงินคืนผ่านเพจเฟซบุ๊ก,https://www.antifakenewscenter.com/?p=68536,"nearest cosine centroid, original E5; not geometric projection"
12,ออมสิน | สินเชื่อ | ธนาคารออมสิน | ออมสิน ปล่อย | ปล่อย | กู้ | เพจ | ปล่อย สินเชื่อ,,pending,173,173,1.1989742878924388,2020,2026,2023,10528,ออมสินปล่อยกู้ผ่านเพจ สินเชื่อ ออมสิน,https://www.antifakenewscenter.com/?p=35500,"nearest cosine centroid, original E5; not geometric projection"
13,ผู้สูงอายุ | เบี้ย | ข้าราชการ | บาท | เงินบำนาญ | รับเงิน | พม. | เตรียม,,pending,184,168,1.2752096472382008,2016,2026,2023,26113,"รัฐบาลเพิ่มเบี้ยผู้สูงอายุเป็น 1,500 บาทแล้ว",https://www.youtube.com/watch?v=vV0eOdV0Tvo,"nearest cosine centroid, original E5; not geometric projection"
14,กรุงไทย | สินเชื่อ | กรุงไทย ปล่อย | ธ. กรุงไทย | ผ่อน | บาท | ปล่อย | ธ.,,pending,171,165,1.1851133134659366,2017,2026,2022,13790,"ธ.กรุงไทย ปล่อยสินเชื่อให้กู้ยืม 20,000 บาท ผ่อนเดือนละ 600 บาท ไม่ต้องค้ำประกัน",https://www.antifakenewscenter.com/?p=19214,"nearest cosine centroid, original E5; not geometric projection"
15,ก.ล.ต. | สำนักงาน ก.ล.ต. | สำนักงาน | ไลน์ | การลงทุน | บัญชี ไลน์ | ชักชวน | ชักชวน ลงทุน,,pending,148,148,1.0257121075611615,2020,2026,2024,7286,บัญชีไลน์แนะนำลงทุน มีใบรับรองจากสำนักงาน ก.ล.ต.,https://www.antifakenewscenter.com/?p=57475,"nearest cosine centroid, original E5; not geometric projection"
16,เพจ เฟซบุ๊ก | แจ้งความ | เฟซบุ๊ก | กระทรวงยุติธรรม | ศูนย์ | ออนไลน์ | เพจ | แจ้งความ ออนไลน์,,pending,134,134,0.9286852865756463,2020,2026,2024,8662,เพจเฟซบุ๊ก สำนักงานปลัดกระทรวงยุติธรรม รับแจ้งความร้องทุกข์ออนไลน์,https://www.antifakenewscenter.com/?p=50948,"nearest cosine centroid, original E5; not geometric projection"
17,sms | กรุงไทย sms | ลิงก์ | กรุงไทย | สิทธิ์ | ประชาชน | sms ประชาชน | ยื่น,,pending,131,120,0.9078938249358929,2015,2026,2022,11943,ธ.กรุงไทยส่ง SMS เชิญชวนประชาชนรับสิทธิ์ยื่นกู้ผ่านลิงก์,https://www.antifakenewscenter.com/?p=28707,"nearest cosine centroid, original E5; not geometric projection"
18,วัคซีน | ฉีดวัคซีน | ฉีดวัคซีน โควิด | โควิด | วัคซีน โควิด | pfizer | ฉีด | เข็ม,,pending,122,116,0.8455194400166332,2017,2026,2021,21079,ฉีดวัคซีนโควิด เสี่ยงเป็นมะเร็งเม็ดเลือดขาว,https://www.youtube.com/watch?v=2JLKOudFxBc,"nearest cosine centroid, original E5; not geometric projection"
19,ค่าปรับ | รถ | ป้าย | ปี | อายุ ปี | กฎหมาย | ข้าว | มีโทษ,,pending,130,109,0.900963337722642,2015,2026,2020,9584,ไม่จ่ายค่าปรับจะต่อทะเบียนรถไม่ได้,https://www.antifakenewscenter.com/?p=40290,"nearest cosine centroid, original E5; not geometric projection"
20,ธนบัตร | ข้อมูล | แฮก | เพย์ | ธนาคาร | กด | แฮก ข้อมูล | บัญชี,,pending,145,109,1.0049206459214084,2015,2026,2015,6415,งดใช้ตู้ ATM ที่ไม่มีไฟกะพริบตรงที่เสียบบัตร เสี่ยงโดนแฮกข้อมูล,https://www.antifakenewscenter.com/?p=61529,"nearest cosine centroid, original E5; not geometric projection"
21,บิน | บิน ไทย | international | ไฟล์ บิน | ไฟล์ | ไทย รับสมัคร | รับสมัคร | พนักงาน,,pending,106,105,0.7346316446046157,2019,2026,2024,7123,เพจ Thailand International Airport เปิดรับสมัครพนักงานจองไฟล์ทบิน,https://www.antifakenewscenter.com/?p=58349,"nearest cosine centroid, original E5; not geometric projection"
22,กรุงไทย | ธนาคาร กรุงไทย | ธนาคาร | ตัง | เป๋า | เป๋า ตัง | สินเชื่อ | แอปพลิเคชัน เป๋า,,pending,106,102,0.7346316446046157,2019,2026,2024,5779,ธนาคารกรุงไทย ปล่อยสินเชื่อผ่านเพจ โครงการสินเชื่อธุรกิจ เคทีบี,https://www.antifakenewscenter.com/?p=64266,"nearest cosine centroid, original E5; not geometric projection"
23,แผ่นดินไหว | สึนามิ | เมฆ | เฝ้า ระวัง | เฝ้า | เตือนภัย | ขนาด | ระวัง,,pending,101,101,0.6999792085383603,2017,2026,2025,128,แผ่นดินไหวในประเทศเมียนมา เป็นสัญญาณเตือนว่าไทยกำลังจะเกิดแผ่นดินไหว,https://www.antifakenewscenter.com/?p=88956,"nearest cosine centroid, original E5; not geometric projection"
24,or | amazon | หุ้น | หุ้น or | เริ่มต้น | ลงทุน หุ้น | ซอน | ลงทุน,,pending,97,97,0.6722572596853559,2023,2026,2025,1839,OR เปิดให้ร่วมลงทุนธุรกิจ Café Amazon ผ่านเพจ Amazon investor market,https://www.antifakenewscenter.com/?p=81393,"nearest cosine centroid, original E5; not geometric projection"
25,ปตท. | หุ้น | ptt | บาท ปตท. | ลงทุน | ปตท. ลงทุน | ลงทุน หุ้น | หุ้น น้ำมัน,,pending,97,94,0.6722572596853559,2019,2026,2023,12809,"ปตท. เปิดให้ลงทุนหุ้น ในราคาเพียง 1,000 บาท",https://www.antifakenewscenter.com/?p=24549,"nearest cosine centroid, original E5; not geometric projection"
26,รายได้ | รายได้ บาท | บาท กรมการจัดหางาน | กรมการจัดหางาน | รับสมัคร | สมัครงาน | พนักงาน | บาท,,pending,91,91,0.6306743364058494,2020,2026,2023,9453,กรมการจัดหางานรับสมัครคนทำงานฝีมือ สร้างรายได้ 400-850 บาทต่อวัน,https://www.antifakenewscenter.com/?p=40928,"nearest cosine centroid, original E5; not geometric projection"
27,สหรัฐฯ | ภาพ | ยูเครน | ทรัมป์ | รัสเซีย | ประธานาธิบดี | จิ้น | จิ้น ผิง,,pending,85,85,0.5890914131263427,2016,2026,2026,16702,ภาพเจ้าหน้าที่สหรัฐฯ ทิ้งของขวัญจากจีน,https://factcheckthailand.afp.com/doc.afp.com.B3EG3CR,"nearest cosine centroid, original E5; not geometric projection"
28,กัมพูชา | ไทย | ด่าน | แรงงาน กัมพูชา | ไทย กัมพูชา | ชายแดน | แรงงาน | ด่าน ชายแดน,,pending,83,83,0.5752304386998406,2020,2026,2026,3233,สั่งจับแรงงานกัมพูชาส่งกลับประเทศ ไม่ให้ประกอบอาชีพในไทย,https://www.antifakenewscenter.com/?p=75450,"nearest cosine centroid, original E5; not geometric projection"
29,ข้อมูล | อัปเดต | ปฯ | แอ ปฯ | แอ | อัปเดต ข้อมูล | กรมบัญชีกลาง | ปฯ รัฐ,,pending,83,80,0.5752304386998406,2020,2026,2024,11503,กรมพัฒนาธุรกิจการค้าติดต่อประชาชนผ่านไลน์ ให้ดาวน์โหลดแอปฯ,https://www.antifakenewscenter.com/?p=30737,"nearest cosine centroid, original E5; not geometric projection"
30,จังหวัด | รถไฟ | ประกาศ | ล็อก ดาวน์ | ดาวน์ | ไทย จังหวัด | เส้นทาง | บขส.,,pending,80,77,0.5544389770600874,2016,2026,2020,15521,สธ. ห้ามประชาชนเดินทางข้ามจังหวัด,https://www.antifakenewscenter.com/?p=7652,"nearest cosine centroid, original E5; not geometric projection"
31,ออสเตรเลีย | แรงงาน | ทำงาน | แรงงาน ทำงาน | กระทรวง แรงงาน | ทำงาน ประเทศ | เปิดรับ แรงงาน | กระทรวง,,pending,75,74,0.5197865409938319,2022,2026,2026,1258,เพจ Australian fruit farm ของกระทรวงแรงงาน เปิดรับแรงงานไปทำงานต่างประเทศ,https://www.antifakenewscenter.com/?p=83937,"nearest cosine centroid, original E5; not geometric projection"
32,เขื่อน | น้ำ | น้ำท่วม | แม่น้ำ | กรุงเทพฯ | จีน | โขง | ระบาย,,pending,75,74,0.5197865409938319,2016,2026,2024,6435,เขื่อนประเทศจีนแตก ส่งผลน้ำทะลักเข้าท่วมประเทศไทย,https://www.antifakenewscenter.com/?p=61447,"nearest cosine centroid, original E5; not geometric projection"
33,อิสลาม | มุสลิม | มัสยิด | ธนาคาร อิสลาม | ศาสนาอิสลาม | วิชา | โรงเรียน | ธ. อิสลาม,,pending,90,72,0.6237438491925982,2016,2026,2022,14318,ข้าราชการไทย ออกบัตรประชาชนให้มุสลิมต่างด้าว โดยไม่ทำตามกฎหมาย,https://www.antifakenewscenter.com/?p=15491,"nearest cosine centroid, original E5; not geometric projection"
34,ธ.ก.ส. | tiktok | บัญชี tiktok | ธ.ก.ส. ลงทะเบียน | สินเชื่อ | baac | กู้ | บัญชี,,pending,71,71,0.4920645921408275,2024,2026,2026,1027,ธ.ก.ส. เปิดสินเชื่อให้กู้เงิน ผ่าน TikTok ชื่อ baac.koya,https://www.antifakenewscenter.com/?p=84975,"nearest cosine centroid, original E5; not geometric projection"
35,แรงงาน | เกาหลี | ทำงาน | รับสมัคร | ต่างประเทศ | รับสมัคร แรงงาน | แรงงาน ไทย | กระทรวง แรงงาน,,pending,72,71,0.4989950793540786,2022,2026,2023,11947,กรมการจัดหางานเปิดรับคนไทยไปทำงานที่เกาหลี,https://www.antifakenewscenter.com/?p=28686,"nearest cosine centroid, original E5; not geometric projection"
36,tiktok | สินเชื่อ tiktok | ออมสิน | สินเชื่อ | ธ. ออมสิน | บัญชี tiktok | tiktok ชื่อ | ธ.,,pending,70,70,0.4851341049275764,2024,2026,2025,4703,ธนาคารออมสิน เปิดให้สินเชื่อทางบัญชี TikTok,https://www.antifakenewscenter.com/?p=68917,"nearest cosine centroid, original E5; not geometric projection"
37,แผ่นดินไหว | วิดีโอ | ตึก | เวเนซุเอลา | คลิป | เหตุการณ์ แผ่นดินไหว | ถล่ม | ถล่ม แผ่นดินไหว,,pending,64,64,0.44355118164806984,2019,2026,2026,16679,คลิปตึกถล่มขณะแผ่นดินไหวในเวเนซุเอลา,https://factcheckthailand.afp.com/doc.afp.com.B9CB7T3,"nearest cosine centroid, original E5; not geometric projection"
38,ตลาดหลักทรัพย์ | สอน | ฟรี | หุ้น | คอร์ส | เทรด | สอน เทรด | หุ้น ฟรี,,pending,64,64,0.44355118164806984,2023,2026,2025,5228,ตลาดหลักทรัพย์ฯ เปิดสอนเทรด ผ่านเพจ SET สอนหุ้น,https://www.antifakenewscenter.com/?p=66719,"nearest cosine centroid, original E5; not geometric projection"
39,ดิจิทัล | ลเล็ต | วอ ลเล็ต | วอ | ดิจิทัล วอ | เงิน ดิจิทัล | รับเงิน ดิจิทัล | เงิน,,pending,63,63,0.43662069443481877,2022,2026,2024,6904,"ลงทะเบียนรับเงินดิจิทัลวอลเล็ต จำนวน 10,000 บาท ผ่านลิงก์",https://www.antifakenewscenter.com/?p=59361,"nearest cosine centroid, original E5; not geometric projection"
40,ภาพ | เมียนมาร์ | ปี ภาพ | ประท้วง | ผู้ประท้วง | ปี | วิดีโอ | ต่อต้าน,,pending,63,62,0.43662069443481877,2020,2023,2020,16841,ภาพแสดงทหารเมียนมาร์ควบคุมตัวผู้ประท้วง?,https://factcheckthailand.afp.com/image-shows-south-korean-film-released-2007-it-was-not-taken-myanmar-th,"nearest cosine centroid, original E5; not geometric projection"
41,พัฒนา ธุร | กรม พัฒนา | กิจการค้า | ธุร กิจการค้า | ธุร | พัฒนา | อนุญาต | กรม,,pending,60,60,0.41582923279506545,2021,2026,2022,12691,กรมพัฒนาธุรกิจการค้า อนุญาตใบทะเบียนพาณิชย์รายบุคคล ประกอบธุรกิจสินเชื่อออนไลน์,https://www.antifakenewscenter.com/?p=25131,"nearest cosine centroid, original E5; not geometric projection"
42,ไปรษณีย์ ไทย | ไปรษณีย์ | พัสดุ | แจ้ง | คะแนน | ลิงก์ | อีเมล | sms,,pending,65,60,0.450481668861321,2016,2026,2021,3930,ไปรษณีย์ไทย ส่ง SMS แจ้งให้ชำระค่าพัสดุผ่านลิงก์,https://www.antifakenewscenter.com/?p=72351,"nearest cosine centroid, original E5; not geometric projection"
43,กกต. | เลือกตั้ง | พรรคก้าวไกล | การเลือกตั้ง | โพสต์ | บัตรเลือกตั้ง | พรรค | รัฐธรรมนูญ,,pending,58,57,0.4019682583685633,2019,2026,2026,10545,อย่ากรอกข้อมูลตรวจสอบรายชื่อผู้มีสิทธิ์เลือกตั้ง เนื่องจากเว็บไซต์อันตราย,https://www.antifakenewscenter.com/?p=35424,"nearest cosine centroid, original E5; not geometric projection"
44,เฮง | เซ่ง เฮง | ฮั่ว | ฮั่ว เซ่ง | เซ่ง | set | หุ้น set | gold,,pending,53,53,0.36731582230230786,2023,2026,2025,2428,ฮั่วเซ่งเฮง เปิดขายหุ้นใน SET50 ผ่านเพจ G0LD Hua Seng Heng Assurance,https://www.antifakenewscenter.com/?p=78939,"nearest cosine centroid, original E5; not geometric projection"
45,set | เรียน | ฟรี | set คอร์ส | คอร์ส | หลักสูตร | หุ้น | คอร์ส เรียน,,pending,53,53,0.36731582230230786,2024,2026,2026,1511,SET เปิดหลักสูตรหุ้น ลงทะเบียนเรียนฟรี ผ่านเพจ Beginner Grow Classroom,https://www.antifakenewscenter.com/?p=82800,"nearest cosine centroid, original E5; not geometric projection"
46,สวัสดิการ รัฐ | บัตร สวัสดิการ | รัฐ | สวัสดิการ | บัตร | เงินพิเศษ | เงิน บัตร | กด เงินสด,,pending,51,50,0.35345484787580567,2016,2026,2023,10456,"รัฐฯ เติมเงินพิเศษเข้าบัตรสวัสดิการแห่งรัฐ คนละ 1,500 บาท เตรียมรับเงิน 1 พ.ค. 66",https://www.antifakenewscenter.com/?p=35841,"nearest cosine centroid, original E5; not geometric projection"
47,tiktok | ธนาคาร กรุงไทย | กรุงไทย | บัญชี tiktok | ktb | ธนาคาร | tiktok ktb | สินเชื่อ บัญชี,,pending,49,49,0.3395938734493035,2021,2026,2025,2967,ธนาคารกรุงไทย เปิดให้ยื่นกู้สินเชื่อผ่าน TikTok,https://www.antifakenewscenter.com/?p=76676,"nearest cosine centroid, original E5; not geometric projection"
48,ฉีดวัคซีน | วัคซีน | ฉีดวัคซีน โควิด | โควิด | จอง | วัคซีน โควิด | ซื่อ | ประชาชน,,pending,49,49,0.3395938734493035,2021,2026,2021,14988,เว็บไซต์กระทรวงสาธารณสุข เปิดลงทะเบียนฉีดวัคซีนโควิด-19,https://www.antifakenewscenter.com/?p=10786,"nearest cosine centroid, original E5; not geometric projection"
49,ต่างด้าว | สัญชาติ | พม่า | แรงงาน | สัญชาติ ไทย | แรงงาน ต่างด้าว | คนไทย | วีซ่า,,pending,49,48,0.3395938734493035,2020,2026,2026,5235,ลูกแรงงานต่างด้าว มีสิทธิ์ขอสัญชาติไทย,https://www.antifakenewscenter.com/?p=66678,"nearest cosine centroid, original E5; not geometric projection"
50,ก.ล.ต. เว็บไซต์ | เว็บไซต์ | ก.ล.ต. | สำนักงาน | สำนักงาน ก.ล.ต. | การลงทุน ก.ล.ต. | เว็บไซต์ ให้บริการ | ให้บริการ,,pending,48,47,0.3326633862360524,2020,2026,2025,2282,ก.ล.ต. เปิดเว็บไซต์ใหม่เพื่อการลงทุน,https://www.antifakenewscenter.com/?p=79561,"nearest cosine centroid, original E5; not geometric projection"
51,เก็บภาษี | รัฐบาล | เสียภาษี | รัฐบาล เก็บภาษี | กรมสรรพากร | ข้าว ไทย | ข้าว | ภาษี,,pending,65,47,0.450481668861321,2017,2026,2021,16461,กรมสรรพากรเริ่มเก็บภาษีทุกวัด,https://www.antifakenewscenter.com/?p=1921,"nearest cosine centroid, original E5; not geometric projection"
52,กัมพูชา | วัฒนธรรม | มรดก | กัมพูชา กัมพูชา | วัฒนธรรม กัมพูชา | ขึ้นทะเบียน | ชุด ไทย | ไทย,,pending,46,46,0.3188024118095502,2024,2026,2026,415,กัมพูชา ซื้อหัวโขนจากไทย เพื่อเอาไปเป็นต้นแบบ,https://www.antifakenewscenter.com/?p=87668,"nearest cosine centroid, original E5; not geometric projection"
53,พับ | ถุง | กาแฟ | กรมพัฒนาฝีมือแรงงาน | บ้าน | รับสมัคร | งาน | รายได้,,pending,43,43,0.29801095016979695,2023,2026,2026,2989,กรมการจัดหางาน เปิดรับสมัครงานพับถุงกระดาษ ผ่านเพจ ศูนย์จัดหางานบ้าน,https://www.antifakenewscenter.com/?p=76578,"nearest cosine centroid, original E5; not geometric projection"
54,อย่า | สร้าง | ความปั่นป่วน | สร้าง ความปั่นป่วน | สร้าง ความเข้าใจผิด | ความเข้าใจผิด | ประชาชน อย่า | บิ๊ก,,pending,42,41,0.2910804629565458,2017,2025,2019,16557,รัฐสั่งเก็บภาษีสินสอดงานแต่ง ข่าวปลอม! สร้างความเข้าใจผิด อย่าแชร์,https://www.antifakenewscenter.com/?p=1372,"nearest cosine centroid, original E5; not geometric projection"
55,น้ำมัน | ปตท. | ลิ | ขึ้นราคา | พลังงาน | บ่อ | ลิตร | คนไทย,,pending,48,41,0.3326633862360524,2016,2026,2018,14458,ประเทศไทยมีแหล่งผลิตน้ำมันจำนวนมาก แต่ ปตท. กลับขายน้ำมันให้ประชาชนในราคาแพง,https://www.antifakenewscenter.com/?p=15351,"nearest cosine centroid, original E5; not geometric projection"
56,สลาก | สำนักงานสลากกินแบ่งรัฐบาล | กอง สลาก | รางวัล | กอง | เลข | ลอตเตอรี่ | สลากกินแบ่ง,,pending,49,38,0.3395938734493035,2020,2026,2022,5829,สำนักงานสลากกินแบ่งรัฐบาล ออกเอกสารวงในบอกเลขก่อนวันออกรางวัล,https://www.antifakenewscenter.com/?p=64112,"nearest cosine centroid, original E5; not geometric projection"
57,น้ำท่วม | หาดใหญ่ | คลิป | คลิป น้ำท่วม | ภาพ | ผู้ประสบภัย | ผู้ประสบภัย น้ำท่วม | กู้ภัย,,pending,40,38,0.2772194885300437,2016,2026,2025,17293,คลิปน้ำท่วมอำเภอหาดใหญ่ จังหวัดสงขลา,https://factcheckthailand.afp.com/doc.afp.com.86386ZQ,"nearest cosine centroid, original E5; not geometric projection"
58,โควิด | โควิด สายพันธุ์ | สายพันธุ์ | โอ | ติดเชื้อ โควิด | ติดเชื้อ | มิค รอน | โอ มิค,,pending,40,36,0.2772194885300437,2020,2025,2021,6184,เกิดโรคระบาดปอดติดเชื้อ ไม่ทราบสาเหตุ ติดเชื้อง่ายกว่าโควิด 19,https://www.antifakenewscenter.com/?p=62590,"nearest cosine centroid, original E5; not geometric projection"
59,เยียวยา | เยียวยา บาท | แจก เงิน | แจก | เงิน เยียวยา | เงิน | รับเงิน เยียวยา | ไร่,,pending,38,36,0.26335851410354144,2020,2026,2020,9694,"รัฐฯ เตรียมเยียวยาพิเศษ แจกเงินครัวเรือนละ 15,000 บาท",https://www.antifakenewscenter.com/?p=39791,"nearest cosine centroid, original E5; not geometric projection"
60,รพ. | ย่าน | ศิริราช | ดาวน์ ตัวเอง | ศิริราช แนะ | รพ. ศิริราช | ล็อก ดาวน์ | ดาวน์,,pending,35,33,0.2425670524637882,2016,2026,2020,15525,รพ.ศิริราช แนะประชาชนให้กักตุนอาหาร,https://www.antifakenewscenter.com/?p=7618,"nearest cosine centroid, original E5; not geometric projection"
61,ปปง. | tiktok | รับเงิน คืน | คืน | ผู้เสียหาย | รับเงิน | บัญชี tiktok | ลงทะเบียน รับเงิน,,pending,32,32,0.22177559082403492,2024,2026,2025,2604,ปปง. เปิดให้ผู้เสียหายลงทะเบียนขอรับเงินคืน ผ่านบัญชี TikTok police_cyber1710,https://www.antifakenewscenter.com/?p=78181,"nearest cosine centroid, original E5; not geometric projection"
62,ตลาดหลักทรัพย์ | ตลาดหลักทรัพย์ เพจ | เพจ เฟซบุ๊ก | ตลาดหลักทรัพย์ ประเทศ | เฟซบุ๊ก | ไทย เพจ | ประเทศ ไทย | เพจ,,pending,31,31,0.21484510361078385,2023,2025,2025,5147,ตลาดหลักทรัพย์ฯ เปิดเพจเฟซบุ๊ก SET นักลงทุน,https://www.antifakenewscenter.com/?p=67062,"nearest cosine centroid, original E5; not geometric projection"
63,กัมพูชา | ทหาร | ภาพ | คลิป | ภาพ ทหาร | ชายแดน | โพสต์ ภาพ | ทหาร กัมพูชา,,pending,31,31,0.21484510361078385,2019,2026,2025,27012,คลิปทหารกัมพูชา พร้อมอาวุธ เป็นภาพจริงจากเหตุการณ์ตึงเครียดชายแดนไทย-กัมพูชา,https://www.thaipbs.or.th/verify/content/2305,"nearest cosine centroid, original E5; not geometric projection"
