subtopic_id,year,records
-1,2015,0
-1,2016,0
-1,2017,0
-1,2018,0
-1,2019,0
-1,2020,1
-1,2021,2
-1,2022,3
-1,2023,0
-1,2024,2
-1,2025,0
-1,2026,3
0,2015,0
0,2016,0
0,2017,0
0,2018,0
0,2019,0
0,2020,1
0,2021,0
0,2022,0
0,2023,0
0,2024,3
0,2025,7
0,2026,16
1,2015,0
1,2016,0
1,2017,0
1,2018,0
1,2019,0
1,2020,1
1,2021,0
1,2022,0
1,2023,3
1,2024,5
1,2025,8
1,2026,8
2,2015,0
2,2016,0
2,2017,0
2,2018,0
2,2019,0
2,2020,0
2,2021,0
2,2022,0
2,2023,0
2,2024,0
2,2025,9
2,2026,11
3,2015,0
3,2016,0
3,2017,0
3,2018,0
3,2019,0
3,2020,1
3,2021,0
3,2022,0
3,2023,0
3,2024,5
3,2025,5
3,2026,4
4,2015,0
4,2016,0
4,2017,0
4,2018,0
4,2019,0
4,2020,0
4,2021,2
4,2022,3
4,2023,1
4,2024,1
4,2025,3
4,2026,1
5,2015,0
5,2016,0
5,2017,0
5,2018,0
5,2019,0
5,2020,0
5,2021,0
5,2022,0
5,2023,0
5,2024,0
5,2025,1
5,2026,8
