topic_id,machine_keywords,records,share_pct,unique_texts,centroid_x,centroid_y
1,ปันผล | ลงทุน | ตลาดหลักทรัพย์ | กองทุน | เริ่มต้น | บาท | บาท ปันผล | เริ่มต้น บาท,385,2.67,384,1.314,6.633
2,ใบขับขี่ | ทำ ใบขับขี่ | ทำ | กรมการขนส่งทางบก | ออนไลน์ | ขนส่ง | เพจ | สอบ,324,2.25,321,3.919,-3.51
3,ออมสิน | ออมสิน ปล่อย | ปล่อย | สินเชื่อ | บาท | วงเงิน | วงเงิน บาท | ปล่อย สินเชื่อ,276,1.91,269,-1.287,1.734
4,โควิด | รักษา โควิด | ฆ่าเชื้อ | ต้าน | covid- | ฆ่าเชื้อ โควิด | ป้องกัน | เชื้อไวรัส,266,1.84,257,10.138,2.761
5,พายุ | เตรียมรับมือ | ฝน | ลูก | วันที่ | กรม อุตุฯ | อุตุฯ | เตรียมรับมือ พายุ,246,1.7,245,9.318,-1.039
6,กัมพูชา | ทหาร | ไทย | ปราสาท | ทหาร ไทย | ทหาร กัมพูชา | ยิง | f-,237,1.64,237,5.606,-0.868
8,กฟภ. | ไฟฟ้า | pea | ไฟ | ค่า | ค่า ไฟ | ติดต่อ | แจ้ง,226,1.57,216,3.457,3.1
7,ติดเชื้อ | covid- | เชื้อไวรัส | ติด เชื้อไวรัส | ติด | ติดเชื้อ covid- | โร นา | โค โร,225,1.56,219,8.274,1.733
9,กรมการจัดหางาน | รับสมัคร | งาน | กรมพัฒนาฝีมือแรงงาน | สมัครงาน | กรมการจัดหางาน รับสมัคร | แพ็ก | รับสมัคร พนักงาน,208,1.44,201,1.484,-2.065
10,อิหร่าน | โจมตี | อิสราเอล | คลิป | วิดีโอ | อิหร่าน โจมตี | ขีปนาวุธ | ยิง,187,1.3,187,6.927,-1.298
11,คืน | ปปง. | รับเงิน คืน | คืน เพจ | ผู้เสียหาย | รับเงิน | ลงทะเบียน | แก๊ง,184,1.28,183,0.289,-0.145
13,ผู้สูงอายุ | เบี้ย | ข้าราชการ | บาท | เงินบำนาญ | รับเงิน | พม. | เตรียม,184,1.28,168,3.09,0.606
