id,year,source,claim_text,title,url,assistant_scope,typesafe_scope,typesafe_scope_confidence,typesafe_scope_probabilities,typesafe_in_scope_probability,typesafe_primary_issue,typesafe_review_reasons,human_scope,human_frame,human_review_status
16192,2020,afnc,กระทรวงการต่างประเทศฝ่าฝืนคำสั่ง ออกเอกสารให้คนเดินทางเข้าประเทศไทย,ข่าวบิดเบือน อย่าแชร์! กระทรวงการต่างประเทศฝ่าฝืนคำสั่ง ออกเอกสารให้คนเดินทางเข้าประเทศไทย,https://www.antifakenewscenter.com/?p=3855,out_of_scope,crossborder_people_services,0.97,"{""crossborder_people_services"": 0.97, ""out_of_scope"": 0.01, ""resident_refugee_status"": 0.01, ""unclear"": 0.01}",0.68,border_security,assistant_typesafe_scope_disagreement;ambiguous_in_scope_probability,,,pending
11489,2022,afnc,ข้าราชการไทยออกบัตรประชาชนให้มุสลิม โดยไม่ทำตามกฎหมาย,ข่าวปลอม อย่าแชร์! ข้าราชการไทยออกบัตรประชาชนให้มุสลิม โดยไม่ทำตามกฎหมาย,https://www.antifakenewscenter.com/?p=30790,unclear,out_of_scope,0.33,"{""crossborder_people_services"": 0.01, ""out_of_scope"": 0.5, ""resident_refugee_status"": 0.44, ""unclear"": 0.05}",0.17,citizenship_legal_status,assistant_typesafe_scope_disagreement;low_scope_choice_confidence,,,pending
27891,2025,cofact,โรงพยาบาลในจังหวัดสุรินทร์ไม่รับรักษาคนกัมพูชา,รายงานการตรวจสอบข้อเท็จจริง “คลิปปลดป้ายภาษาเขมร” ที่ห้องคลอด รพ.สุรินทร์,https://blog.cofact.org/th/factcheck-surin-hospital-07082025/,crossborder_people_services,resident_refugee_status,0.88,"{""crossborder_people_services"": 0.09, ""out_of_scope"": 0.0, ""resident_refugee_status"": 0.91, ""unclear"": 0.0}",0.92,public_services_education,assistant_typesafe_scope_disagreement,,,pending
13339,2022,afnc,ข้าราชการไทยออกบัตรประชาชนให้มุสลิม โดยไม่ทำตามกฎหมาย,ข่าวปลอม อย่าแชร์! ข้าราชการไทยออกบัตรประชาชนให้มุสลิม โดยไม่ทำตามกฎหมาย,https://www.antifakenewscenter.com/?p=21798,unclear,resident_refugee_status,0.3,"{""crossborder_people_services"": 0.01, ""out_of_scope"": 0.46, ""resident_refugee_status"": 0.48, ""unclear"": 0.05}",0.15,citizenship_legal_status,assistant_typesafe_scope_disagreement;low_scope_choice_confidence;internal_scope_signal_disagreement,,,pending
10114,2023,afnc,กรมการขนส่งรับทำใบขับขี่รถทุกชนิด ทุกสัญชาติ ผ่านเพจรับทำใบขับขี่ รถยนต์ มอเตอร์ไซค์,ข่าวปลอม อย่าแชร์! กรมการขนส่งรับทำใบขับขี่รถทุกชนิด ทุกสัญชาติ ผ่านเพจรับทำใบขับขี่ รถยนต์ มอเตอร์ไซค์,https://www.antifakenewscenter.com/?p=37628,unclear,out_of_scope,0.27,"{""crossborder_people_services"": 0.24, ""out_of_scope"": 0.45, ""resident_refugee_status"": 0.3, ""unclear"": 0.01}",0.33,scam_impersonation,assistant_typesafe_scope_disagreement;low_scope_choice_confidence;ambiguous_in_scope_probability,,,pending
1905,2025,afnc,สำนักงานตรวจคนเข้าเมืองของไทย คุกคามนักท่องเที่ยวที่เดินทางมาเปลี่ยนเครื่องเพื่อไปกัมพูชา,สำนักงานตรวจคนเข้าเมืองของไทย คุกคามนักท่องเที่ยวที่เดินทางมาเปลี่ยนเครื่องเพื่อไปกัมพูชา,https://www.antifakenewscenter.com/?p=81139,unclear,crossborder_people_services,0.98,"{""crossborder_people_services"": 0.98, ""out_of_scope"": 0.01, ""resident_refugee_status"": 0.01, ""unclear"": 0.0}",0.75,border_security,assistant_typesafe_scope_disagreement;ambiguous_frame_victim_exploitation_probability,,,pending
3102,2025,afnc,แม่ทัพภาค 2 สั่งรื้อบ้านเรือนชาวกัมพูชา 80 หลังคาเรือน ที่ช่องอานม้า,แม่ทัพภาค 2 สั่งรื้อบ้านเรือนชาวกัมพูชา 80 หลังคาเรือน ที่ช่องอานม้า,https://www.antifakenewscenter.com/?p=76020,unclear,resident_refugee_status,0.9,"{""crossborder_people_services"": 0.04, ""out_of_scope"": 0.03, ""resident_refugee_status"": 0.93, ""unclear"": 0.0}",0.88,border_security,assistant_typesafe_scope_disagreement,,,pending
26715,2026,thaipbs,อังคณา นีละไพจิตร สว. ระบุว่า “คนกัมพูชาเดือดร้อนจากฝนที่ตก คนไทยควรช่วยสร้างบ้านให้”,โพสต์อ้าง “อังคณา นีละไพจิตร” แนะคนไทยช่วยคนกัมพูชาสร้างบ้านหลบฝน ตรวจสอบแล้วเป็นข้อมูลเท็จ,https://www.thaipbs.or.th/verify/content/12100,crossborder_people_services,out_of_scope,0.36,"{""crossborder_people_services"": 0.45, ""out_of_scope"": 0.51, ""resident_refugee_status"": 0.03, ""unclear"": 0.01}",0.23,other_unclear,assistant_typesafe_scope_disagreement;low_scope_choice_confidence,,,pending
1531,2026,afnc,เจ้าหน้าที่ตรวจคนเข้าเมืองไทย มีหลักเกณฑ์พิจารณาอนุญาตให้เดินทางเข้าประเทศที่ต่างกันในแต่ละสนามบิน,เจ้าหน้าที่ตรวจคนเข้าเมืองไทย มีหลักเกณฑ์พิจารณาอนุญาตให้เดินทางเข้าประเทศที่ต่างกันในแต่ละสนามบิน,https://www.antifakenewscenter.com/?p=82755,unclear,crossborder_people_services,0.97,"{""crossborder_people_services"": 0.97, ""out_of_scope"": 0.01, ""resident_refugee_status"": 0.01, ""unclear"": 0.01}",0.78,border_security,assistant_typesafe_scope_disagreement,,,pending
