id,year,source,claim_text,title,url,assistant_scope,typesafe_question_set_version,typesafe_question_set_sha256,typesafe_model,typesafe_scope,typesafe_scope_confidence,typesafe_scope_probabilities,typesafe_in_scope_probability,typesafe_primary_issue,typesafe_primary_issue_confidence,typesafe_primary_issue_probabilities,typesafe_evidence_clarity,typesafe_evidence_clarity_confidence,typesafe_frame_disease_vector_probability,typesafe_frame_job_competition_probability,typesafe_frame_undeserved_benefits_probability,typesafe_frame_security_threat_probability,typesafe_frame_criminality_probability,typesafe_frame_victim_exploitation_probability,typesafe_input_tokens,typesafe_output_tokens,typesafe_frames_applicable,typesafe_review_priority,typesafe_review_reasons,human_scope,human_frame,human_review_status
15549,2020,afnc,แรงงานต่างชาติลักลอบทุบกำแพง หลังพื้นที่กักกันเพื่อหลบหนี,ข่าวปลอม อย่าแชร์! แรงงานต่างชาติลักลอบทุบกำแพง หลังพื้นที่กักกันเพื่อหลบหนี,https://www.antifakenewscenter.com/?p=7482,resident_refugee_status,2026-09-21.v1,6db1971e9fec0b0b3f87c6b197c9226222b9ae6a1e4cee25281d55e6f6c7154a,jev-1.13.0,resident_refugee_status,0.89,"{""crossborder_people_services"": 0.08, ""out_of_scope"": 0.0, ""resident_refugee_status"": 0.92, ""unclear"": 0.0}",0.98,crime_irregular_entry,0.88,"{""border_security"": 0.08, ""citizenship_legal_status"": 0.0, ""crime_irregular_entry"": 0.9, ""health_disease"": 0.02, ""other_unclear"": 0.0, ""public_services_education"": 0.0, ""scam_impersonation"": 0.0, ""work_economic_competition"": 0.0}",explicit,0.75,0.04,0.02,0.03,0.35,0.48,0.06,1417,352,True,high,ambiguous_frame_security_threat_probability;ambiguous_frame_criminality_probability,,,pending
2582,2025,afnc,ชาวกัมพูชาบ้านหนองจาน ใช้ไฟฟ้าจากไทย,ชาวกัมพูชาบ้านหนองจาน ใช้ไฟฟ้าจากไทย,https://www.antifakenewscenter.com/?p=78273,crossborder_people_services,2026-09-21.v1,6db1971e9fec0b0b3f87c6b197c9226222b9ae6a1e4cee25281d55e6f6c7154a,jev-1.13.0,crossborder_people_services,0.31,"{""crossborder_people_services"": 0.48, ""out_of_scope"": 0.15, ""resident_refugee_status"": 0.33, ""unclear"": 0.04}",0.74,public_services_education,0.53,"{""border_security"": 0.04, ""citizenship_legal_status"": 0.03, ""crime_irregular_entry"": 0.0, ""health_disease"": 0.0, ""other_unclear"": 0.34, ""public_services_education"": 0.59, ""scam_impersonation"": 0.0, ""work_economic_competition"": 0.0}",explicit,0.73,0.01,0.02,0.04,0.03,0.02,0.02,1355,353,True,high,low_scope_choice_confidence,,,pending
16192,2020,afnc,กระทรวงการต่างประเทศฝ่าฝืนคำสั่ง ออกเอกสารให้คนเดินทางเข้าประเทศไทย,ข่าวบิดเบือน อย่าแชร์! กระทรวงการต่างประเทศฝ่าฝืนคำสั่ง ออกเอกสารให้คนเดินทางเข้าประเทศไทย,https://www.antifakenewscenter.com/?p=3855,out_of_scope,2026-09-21.v1,6db1971e9fec0b0b3f87c6b197c9226222b9ae6a1e4cee25281d55e6f6c7154a,jev-1.13.0,crossborder_people_services,0.97,"{""crossborder_people_services"": 0.97, ""out_of_scope"": 0.01, ""resident_refugee_status"": 0.01, ""unclear"": 0.01}",0.68,border_security,0.78,"{""border_security"": 0.81, ""citizenship_legal_status"": 0.17, ""crime_irregular_entry"": 0.01, ""health_disease"": 0.0, ""other_unclear"": 0.0, ""public_services_education"": 0.0, ""scam_impersonation"": 0.0, ""work_economic_competition"": 0.0}",explicit,0.69,0.03,0.02,0.03,0.04,0.03,0.04,1441,350,True,high,assistant_typesafe_scope_disagreement;ambiguous_in_scope_probability,,,pending
11489,2022,afnc,ข้าราชการไทยออกบัตรประชาชนให้มุสลิม โดยไม่ทำตามกฎหมาย,ข่าวปลอม อย่าแชร์! ข้าราชการไทยออกบัตรประชาชนให้มุสลิม โดยไม่ทำตามกฎหมาย,https://www.antifakenewscenter.com/?p=30790,unclear,2026-09-21.v1,6db1971e9fec0b0b3f87c6b197c9226222b9ae6a1e4cee25281d55e6f6c7154a,jev-1.13.0,out_of_scope,0.33,"{""crossborder_people_services"": 0.01, ""out_of_scope"": 0.5, ""resident_refugee_status"": 0.44, ""unclear"": 0.05}",0.17,citizenship_legal_status,1.0,"{""border_security"": 0.0, ""citizenship_legal_status"": 1.0, ""crime_irregular_entry"": 0.0, ""health_disease"": 0.0, ""other_unclear"": 0.0, ""public_services_education"": 0.0, ""scam_impersonation"": 0.0, ""work_economic_competition"": 0.0}",explicit,0.55,0.02,0.02,0.24,0.05,0.05,0.09,1409,351,False,high,assistant_typesafe_scope_disagreement;low_scope_choice_confidence,,,pending
5515,2024,afnc,กระทรวงแรงงานเปลี่ยนแปลงกฎหมายเอื้อคนพม่า ประกาศขึ้นทะเบียนอาชีพอิสระมากถึง 9 ล้านคน,ข่าวปลอม อย่าแชร์! กระทรวงแรงงานเปลี่ยนแปลงกฎหมายเอื้อคนพม่า ประกาศขึ้นทะเบียนอาชีพอิสระมากถึง 9 ล้านคน,https://www.antifakenewscenter.com/?p=65462,resident_refugee_status,2026-09-21.v1,6db1971e9fec0b0b3f87c6b197c9226222b9ae6a1e4cee25281d55e6f6c7154a,jev-1.13.0,resident_refugee_status,1.0,"{""crossborder_people_services"": 0.0, ""out_of_scope"": 0.0, ""resident_refugee_status"": 1.0, ""unclear"": 0.0}",0.96,citizenship_legal_status,0.8,"{""border_security"": 0.0, ""citizenship_legal_status"": 0.83, ""crime_irregular_entry"": 0.0, ""health_disease"": 0.0, ""other_unclear"": 0.0, ""public_services_education"": 0.0, ""scam_impersonation"": 0.0, ""work_economic_competition"": 0.17}",explicit,0.82,0.02,0.07,0.24,0.05,0.03,0.05,1470,353,True,normal,,,,pending
27891,2025,cofact,โรงพยาบาลในจังหวัดสุรินทร์ไม่รับรักษาคนกัมพูชา,รายงานการตรวจสอบข้อเท็จจริง “คลิปปลดป้ายภาษาเขมร” ที่ห้องคลอด รพ.สุรินทร์,https://blog.cofact.org/th/factcheck-surin-hospital-07082025/,crossborder_people_services,2026-09-21.v1,6db1971e9fec0b0b3f87c6b197c9226222b9ae6a1e4cee25281d55e6f6c7154a,jev-1.13.0,resident_refugee_status,0.88,"{""crossborder_people_services"": 0.09, ""out_of_scope"": 0.0, ""resident_refugee_status"": 0.91, ""unclear"": 0.0}",0.92,public_services_education,0.98,"{""border_security"": 0.0, ""citizenship_legal_status"": 0.01, ""crime_irregular_entry"": 0.0, ""health_disease"": 0.0, ""other_unclear"": 0.0, ""public_services_education"": 0.99, ""scam_impersonation"": 0.0, ""work_economic_competition"": 0.0}",explicit,0.35,0.02,0.02,0.15,0.04,0.03,0.78,1402,352,True,high,assistant_typesafe_scope_disagreement,,,pending
5597,2024,afnc,กรมการขนส่งทางบก เปิดให้ลงทะเบียนทำใบขับขี่ออนไลน์ ผ่านเพจ ข้อมูลใบขับขี่ Thailand,ข่าวปลอม อย่าแชร์! กรมการขนส่งทางบก เปิดให้ลงทะเบียนทำใบขับขี่ออนไลน์ ผ่านเพจ ข้อมูลใบขับขี่ Thailand,https://www.antifakenewscenter.com/?p=65088,out_of_scope,2026-09-21.v1,6db1971e9fec0b0b3f87c6b197c9226222b9ae6a1e4cee25281d55e6f6c7154a,jev-1.13.0,out_of_scope,1.0,"{""crossborder_people_services"": 0.0, ""out_of_scope"": 1.0, ""resident_refugee_status"": 0.0, ""unclear"": 0.0}",0.02,scam_impersonation,0.34,"{""border_security"": 0.0, ""citizenship_legal_status"": 0.31, ""crime_irregular_entry"": 0.0, ""health_disease"": 0.0, ""other_unclear"": 0.13, ""public_services_education"": 0.13, ""scam_impersonation"": 0.43, ""work_economic_competition"": 0.0}",explicit,0.41,0.01,0.01,0.01,0.01,0.01,0.01,1450,351,False,normal,,,,pending
13339,2022,afnc,ข้าราชการไทยออกบัตรประชาชนให้มุสลิม โดยไม่ทำตามกฎหมาย,ข่าวปลอม อย่าแชร์! ข้าราชการไทยออกบัตรประชาชนให้มุสลิม โดยไม่ทำตามกฎหมาย,https://www.antifakenewscenter.com/?p=21798,unclear,2026-09-21.v1,6db1971e9fec0b0b3f87c6b197c9226222b9ae6a1e4cee25281d55e6f6c7154a,jev-1.13.0,resident_refugee_status,0.3,"{""crossborder_people_services"": 0.01, ""out_of_scope"": 0.46, ""resident_refugee_status"": 0.48, ""unclear"": 0.05}",0.15,citizenship_legal_status,1.0,"{""border_security"": 0.0, ""citizenship_legal_status"": 1.0, ""crime_irregular_entry"": 0.0, ""health_disease"": 0.0, ""other_unclear"": 0.0, ""public_services_education"": 0.0, ""scam_impersonation"": 0.0, ""work_economic_competition"": 0.0}",explicit,0.66,0.02,0.02,0.23,0.05,0.05,0.09,1409,353,True,high,assistant_typesafe_scope_disagreement;low_scope_choice_confidence;internal_scope_signal_disagreement,,,pending
3233,2025,afnc,สั่งจับแรงงานกัมพูชาส่งกลับประเทศ ไม่ให้ประกอบอาชีพในไทย,สั่งจับแรงงานกัมพูชาส่งกลับประเทศ ไม่ให้ประกอบอาชีพในไทย,https://www.antifakenewscenter.com/?p=75450,resident_refugee_status,2026-09-21.v1,6db1971e9fec0b0b3f87c6b197c9226222b9ae6a1e4cee25281d55e6f6c7154a,jev-1.13.0,resident_refugee_status,0.99,"{""crossborder_people_services"": 0.01, ""out_of_scope"": 0.0, ""resident_refugee_status"": 0.99, ""unclear"": 0.0}",0.98,crime_irregular_entry,0.85,"{""border_security"": 0.03, ""citizenship_legal_status"": 0.06, ""crime_irregular_entry"": 0.87, ""health_disease"": 0.0, ""other_unclear"": 0.0, ""public_services_education"": 0.0, ""scam_impersonation"": 0.0, ""work_economic_competition"": 0.04}",explicit,0.54,0.02,0.06,0.03,0.06,0.22,0.08,1395,352,True,normal,,,,pending
1079,2026,afnc,ตม. สกัดเข้ม ห้ามกัมพูชาเข้าประเทศไทย หากจับได้ส่งกลับทันที,ตม. สกัดเข้ม ห้ามกัมพูชาเข้าประเทศไทย หากจับได้ส่งกลับทันที,https://www.antifakenewscenter.com/?p=84751,crossborder_people_services,2026-09-21.v1,6db1971e9fec0b0b3f87c6b197c9226222b9ae6a1e4cee25281d55e6f6c7154a,jev-1.13.0,crossborder_people_services,0.93,"{""crossborder_people_services"": 0.95, ""out_of_scope"": 0.0, ""resident_refugee_status"": 0.05, ""unclear"": 0.0}",0.94,border_security,0.83,"{""border_security"": 0.86, ""citizenship_legal_status"": 0.01, ""crime_irregular_entry"": 0.13, ""health_disease"": 0.0, ""other_unclear"": 0.0, ""public_services_education"": 0.0, ""scam_impersonation"": 0.0, ""work_economic_competition"": 0.0}",explicit,0.69,0.03,0.02,0.03,0.13,0.29,0.1,1401,350,True,normal,,,,pending
1998,2025,afnc,กัมพูชาจับกุมทหารไทยหนีทัพ,กัมพูชาจับกุมทหารไทยหนีทัพ,https://www.antifakenewscenter.com/?p=80756,out_of_scope,2026-09-21.v1,6db1971e9fec0b0b3f87c6b197c9226222b9ae6a1e4cee25281d55e6f6c7154a,jev-1.13.0,out_of_scope,0.68,"{""crossborder_people_services"": 0.22, ""out_of_scope"": 0.76, ""resident_refugee_status"": 0.01, ""unclear"": 0.01}",0.14,crime_irregular_entry,0.43,"{""border_security"": 0.45, ""citizenship_legal_status"": 0.01, ""crime_irregular_entry"": 0.51, ""health_disease"": 0.0, ""other_unclear"": 0.03, ""public_services_education"": 0.0, ""scam_impersonation"": 0.0, ""work_economic_competition"": 0.0}",explicit,0.45,0.02,0.01,0.02,0.09,0.08,0.02,1335,350,False,high,low_scope_choice_confidence,,,pending
10114,2023,afnc,กรมการขนส่งรับทำใบขับขี่รถทุกชนิด ทุกสัญชาติ ผ่านเพจรับทำใบขับขี่ รถยนต์ มอเตอร์ไซค์,ข่าวปลอม อย่าแชร์! กรมการขนส่งรับทำใบขับขี่รถทุกชนิด ทุกสัญชาติ ผ่านเพจรับทำใบขับขี่ รถยนต์ มอเตอร์ไซค์,https://www.antifakenewscenter.com/?p=37628,unclear,2026-09-21.v1,6db1971e9fec0b0b3f87c6b197c9226222b9ae6a1e4cee25281d55e6f6c7154a,jev-1.13.0,out_of_scope,0.27,"{""crossborder_people_services"": 0.24, ""out_of_scope"": 0.45, ""resident_refugee_status"": 0.3, ""unclear"": 0.01}",0.33,scam_impersonation,0.78,"{""border_security"": 0.0, ""citizenship_legal_status"": 0.18, ""crime_irregular_entry"": 0.0, ""health_disease"": 0.0, ""other_unclear"": 0.0, ""public_services_education"": 0.0, ""scam_impersonation"": 0.8200000000000001, ""work_economic_competition"": 0.0}",explicit,0.74,0.01,0.02,0.03,0.02,0.03,0.02,1471,351,False,high,assistant_typesafe_scope_disagreement;low_scope_choice_confidence;ambiguous_in_scope_probability,,,pending
28124,2025,cofact,กฎหมาย พ.ร.บ. ชาติพันธุ์อาจมีแอบแฝงแจกที่ทำกินให้ครอบครัวละ 20 ไร่ สุดท้ายแล้วคนไทยแท้ไม่มีที่ทำกิน แต่กลุ่มต่างด้าวที่แฝงเป็นชาติติพันธุ์อาจได้ที่ทำกิน,แกนนำกลุ่ม “ไทยไม่ทน” โพสต์บิดเบือน พ.ร.บ. ชาติพันธุ์ อ้างเปิดช่องแจกที่ดินให้คนต่างด้าว 20 ไร่,https://blog.cofact.org/th/ethnic-protection-bill/,resident_refugee_status,2026-09-21.v1,6db1971e9fec0b0b3f87c6b197c9226222b9ae6a1e4cee25281d55e6f6c7154a,jev-1.13.0,resident_refugee_status,0.96,"{""crossborder_people_services"": 0.0, ""out_of_scope"": 0.03, ""resident_refugee_status"": 0.97, ""unclear"": 0.0}",0.86,citizenship_legal_status,0.74,"{""border_security"": 0.0, ""citizenship_legal_status"": 0.77, ""crime_irregular_entry"": 0.0, ""health_disease"": 0.0, ""other_unclear"": 0.06, ""public_services_education"": 0.05, ""scam_impersonation"": 0.0, ""work_economic_competition"": 0.12}",explicit,0.88,0.02,0.51,0.5,0.24,0.09,0.05,1528,353,True,high,ambiguous_frame_job_competition_probability;ambiguous_frame_undeserved_benefits_probability,,,pending
1319,2026,afnc,26 ก.พ. 69 ชาวกัมพูชา หนีตายทะลักเข้าไทย จำนวน 4.2 แสนคน,26 ก.พ. 69 ชาวกัมพูชา หนีตายทะลักเข้าไทย จำนวน 4.2 แสนคน,https://www.antifakenewscenter.com/?p=83678,crossborder_people_services,2026-09-21.v1,6db1971e9fec0b0b3f87c6b197c9226222b9ae6a1e4cee25281d55e6f6c7154a,jev-1.13.0,crossborder_people_services,0.86,"{""crossborder_people_services"": 0.9, ""out_of_scope"": 0.0, ""resident_refugee_status"": 0.1, ""unclear"": 0.0}",0.98,border_security,0.91,"{""border_security"": 0.93, ""citizenship_legal_status"": 0.0, ""crime_irregular_entry"": 0.07, ""health_disease"": 0.0, ""other_unclear"": 0.0, ""public_services_education"": 0.0, ""scam_impersonation"": 0.0, ""work_economic_competition"": 0.0}",explicit,0.58,0.07,0.02,0.02,0.08,0.05,0.22,1383,350,True,normal,,,,pending
3587,2025,afnc,กัมพูชา สั่งห้ามนำเข้าสินค้าไทยผ่านทางทะเล,กัมพูชา สั่งห้ามนำเข้าสินค้าไทยผ่านทางทะเล,https://www.antifakenewscenter.com/?p=73854,out_of_scope,2026-09-21.v1,6db1971e9fec0b0b3f87c6b197c9226222b9ae6a1e4cee25281d55e6f6c7154a,jev-1.13.0,out_of_scope,1.0,"{""crossborder_people_services"": 0.0, ""out_of_scope"": 1.0, ""resident_refugee_status"": 0.0, ""unclear"": 0.0}",0.02,other_unclear,0.3,"{""border_security"": 0.31, ""citizenship_legal_status"": 0.0, ""crime_irregular_entry"": 0.0, ""health_disease"": 0.0, ""other_unclear"": 0.39, ""public_services_education"": 0.0, ""scam_impersonation"": 0.0, ""work_economic_competition"": 0.3}",explicit,0.47,0.02,0.02,0.01,0.02,0.02,0.02,1367,348,False,normal,,,,pending
1905,2025,afnc,สำนักงานตรวจคนเข้าเมืองของไทย คุกคามนักท่องเที่ยวที่เดินทางมาเปลี่ยนเครื่องเพื่อไปกัมพูชา,สำนักงานตรวจคนเข้าเมืองของไทย คุกคามนักท่องเที่ยวที่เดินทางมาเปลี่ยนเครื่องเพื่อไปกัมพูชา,https://www.antifakenewscenter.com/?p=81139,unclear,2026-09-21.v1,6db1971e9fec0b0b3f87c6b197c9226222b9ae6a1e4cee25281d55e6f6c7154a,jev-1.13.0,crossborder_people_services,0.98,"{""crossborder_people_services"": 0.98, ""out_of_scope"": 0.01, ""resident_refugee_status"": 0.01, ""unclear"": 0.0}",0.75,border_security,0.64,"{""border_security"": 0.68, ""citizenship_legal_status"": 0.1, ""crime_irregular_entry"": 0.2, ""health_disease"": 0.0, ""other_unclear"": 0.01, ""public_services_education"": 0.0, ""scam_impersonation"": 0.0, ""work_economic_competition"": 0.0}",explicit,0.72,0.02,0.02,0.02,0.04,0.05,0.32,1461,350,True,high,assistant_typesafe_scope_disagreement;ambiguous_frame_victim_exploitation_probability,,,pending
451,2026,afnc,ภาพชาวกัมพูชารวมตัวทั้งประเทศ เรียกร้องให้ไทยจ่ายคนละครึ่งพลัสให้กับแรงงานกัมพูชาทุกคน,ภาพชาวกัมพูชารวมตัวทั้งประเทศ เรียกร้องให้ไทยจ่ายคนละครึ่งพลัสให้กับแรงงานกัมพูชาทุกคน,https://www.antifakenewscenter.com/?p=87532,resident_refugee_status,2026-09-21.v1,6db1971e9fec0b0b3f87c6b197c9226222b9ae6a1e4cee25281d55e6f6c7154a,jev-1.13.0,resident_refugee_status,0.99,"{""crossborder_people_services"": 0.0, ""out_of_scope"": 0.0, ""resident_refugee_status"": 1.0, ""unclear"": 0.0}",0.96,work_economic_competition,0.88,"{""border_security"": 0.0, ""citizenship_legal_status"": 0.0, ""crime_irregular_entry"": 0.0, ""health_disease"": 0.0, ""other_unclear"": 0.01, ""public_services_education"": 0.09, ""scam_impersonation"": 0.0, ""work_economic_competition"": 0.9}",explicit,0.64,0.02,0.05,0.21,0.02,0.02,0.18,1454,354,True,normal,,,,pending
58,2026,afnc,รั้วชายแดนเอาไม่อยู่ รถตู้ VIP จากกัมพูชา วิ่งผ่านเข้าไทยได้อย่างง่ายดาย,รั้วชายแดนเอาไม่อยู่ รถตู้ VIP จากกัมพูชา วิ่งผ่านเข้าไทยได้อย่างง่ายดาย,https://www.antifakenewscenter.com/?p=89371,crossborder_people_services,2026-09-21.v1,6db1971e9fec0b0b3f87c6b197c9226222b9ae6a1e4cee25281d55e6f6c7154a,jev-1.13.0,crossborder_people_services,0.94,"{""crossborder_people_services"": 0.95, ""out_of_scope"": 0.03, ""resident_refugee_status"": 0.01, ""unclear"": 0.01}",0.68,border_security,0.98,"{""border_security"": 0.98, ""citizenship_legal_status"": 0.0, ""crime_irregular_entry"": 0.02, ""health_disease"": 0.0, ""other_unclear"": 0.0, ""public_services_education"": 0.0, ""scam_impersonation"": 0.0, ""work_economic_competition"": 0.0}",explicit,0.61,0.02,0.02,0.03,0.27,0.11,0.03,1419,350,True,high,ambiguous_in_scope_probability,,,pending
26997,2025,thaipbs,โพสต์อ้างกัมพูชายิงเครื่องบิน F-16 ไทยตกสภาพยับเยิน กองทัพอากาศไทยยืนยันแล้ว ไม่เป็นความจริง,ตรวจสอบแล้ว: โพสต์อ้างกัมพูชายิงเครื่องบิน F-16 ไทยตกสภาพยับเยิน กองทัพอากาศไทยยืนยันแล้ว ไม่เป็นความจริง,https://www.thaipbs.or.th/verify/content/4508,out_of_scope,2026-09-21.v1,6db1971e9fec0b0b3f87c6b197c9226222b9ae6a1e4cee25281d55e6f6c7154a,jev-1.13.0,out_of_scope,1.0,"{""crossborder_people_services"": 0.0, ""out_of_scope"": 1.0, ""resident_refugee_status"": 0.0, ""unclear"": 0.0}",0.02,border_security,0.7,"{""border_security"": 0.74, ""citizenship_legal_status"": 0.0, ""crime_irregular_entry"": 0.0, ""health_disease"": 0.0, ""other_unclear"": 0.26, ""public_services_education"": 0.0, ""scam_impersonation"": 0.0, ""work_economic_competition"": 0.0}",explicit,0.62,0.01,0.01,0.01,0.03,0.02,0.01,1480,347,False,normal,,,,pending
3102,2025,afnc,แม่ทัพภาค 2 สั่งรื้อบ้านเรือนชาวกัมพูชา 80 หลังคาเรือน ที่ช่องอานม้า,แม่ทัพภาค 2 สั่งรื้อบ้านเรือนชาวกัมพูชา 80 หลังคาเรือน ที่ช่องอานม้า,https://www.antifakenewscenter.com/?p=76020,unclear,2026-09-21.v1,6db1971e9fec0b0b3f87c6b197c9226222b9ae6a1e4cee25281d55e6f6c7154a,jev-1.13.0,resident_refugee_status,0.9,"{""crossborder_people_services"": 0.04, ""out_of_scope"": 0.03, ""resident_refugee_status"": 0.93, ""unclear"": 0.0}",0.88,border_security,0.97,"{""border_security"": 0.98, ""citizenship_legal_status"": 0.01, ""crime_irregular_entry"": 0.01, ""health_disease"": 0.0, ""other_unclear"": 0.0, ""public_services_education"": 0.0, ""scam_impersonation"": 0.0, ""work_economic_competition"": 0.0}",explicit,0.67,0.02,0.02,0.04,0.09,0.04,0.23,1419,349,True,high,assistant_typesafe_scope_disagreement,,,pending
28176,2026,thaipbs,หญิงต่างด้าวรอคลอดเต็มโรงพยาบาล ทำให้เด็กต่างด้าวเกิดใหม่ก้าวกระโดดแซงหน้าเด็กไทย,โพสต์อ้างภาพ “หญิงต่างด้าวรอคลอดเต็ม รพ.” ตรวจสอบแล้วถูกสร้างจาก AI,https://www.thaipbs.or.th/verify/content/14057,resident_refugee_status,2026-09-21.v1,6db1971e9fec0b0b3f87c6b197c9226222b9ae6a1e4cee25281d55e6f6c7154a,jev-1.13.0,resident_refugee_status,0.99,"{""crossborder_people_services"": 0.01, ""out_of_scope"": 0.0, ""resident_refugee_status"": 0.99, ""unclear"": 0.0}",0.96,public_services_education,0.76,"{""border_security"": 0.0, ""citizenship_legal_status"": 0.15, ""crime_irregular_entry"": 0.0, ""health_disease"": 0.01, ""other_unclear"": 0.04, ""public_services_education"": 0.8, ""scam_impersonation"": 0.0, ""work_economic_competition"": 0.0}",explicit,0.87,0.03,0.05,0.22,0.08,0.05,0.05,1429,352,True,normal,,,,pending
26715,2026,thaipbs,อังคณา นีละไพจิตร สว. ระบุว่า “คนกัมพูชาเดือดร้อนจากฝนที่ตก คนไทยควรช่วยสร้างบ้านให้”,โพสต์อ้าง “อังคณา นีละไพจิตร” แนะคนไทยช่วยคนกัมพูชาสร้างบ้านหลบฝน ตรวจสอบแล้วเป็นข้อมูลเท็จ,https://www.thaipbs.or.th/verify/content/12100,crossborder_people_services,2026-09-21.v1,6db1971e9fec0b0b3f87c6b197c9226222b9ae6a1e4cee25281d55e6f6c7154a,jev-1.13.0,out_of_scope,0.36,"{""crossborder_people_services"": 0.45, ""out_of_scope"": 0.51, ""resident_refugee_status"": 0.03, ""unclear"": 0.01}",0.23,other_unclear,0.62,"{""border_security"": 0.01, ""citizenship_legal_status"": 0.01, ""crime_irregular_entry"": 0.0, ""health_disease"": 0.0, ""other_unclear"": 0.67, ""public_services_education"": 0.21, ""scam_impersonation"": 0.1, ""work_economic_competition"": 0.0}",explicit,0.84,0.02,0.02,0.03,0.02,0.02,0.07,1459,348,False,high,assistant_typesafe_scope_disagreement;low_scope_choice_confidence,,,pending
28752,2026,cofact,คลิปประชาสัมพันธ์การแข่งขันยิงปืนของกองทัพเรือ ถูกนำมาสร้างความเข้าใจผิดว่าเป็นเหตุปะทะไทย-กัมพูชา,คลิปประชาสัมพันธ์การแข่งขันยิงปืนของกองทัพเรือ ถูกนำมาสร้างความเข้าใจผิดว่าเป็นเหตุปะทะไทย-กัมพูชา,https://blog.cofact.org/th/fact-check-thai-cambodia-19082026/,out_of_scope,2026-09-21.v1,6db1971e9fec0b0b3f87c6b197c9226222b9ae6a1e4cee25281d55e6f6c7154a,jev-1.13.0,out_of_scope,1.0,"{""crossborder_people_services"": 0.0, ""out_of_scope"": 1.0, ""resident_refugee_status"": 0.0, ""unclear"": 0.0}",0.02,border_security,0.83,"{""border_security"": 0.86, ""citizenship_legal_status"": 0.0, ""crime_irregular_entry"": 0.0, ""health_disease"": 0.0, ""other_unclear"": 0.14, ""public_services_education"": 0.0, ""scam_impersonation"": 0.0, ""work_economic_competition"": 0.0}",explicit,0.37,0.01,0.01,0.01,0.03,0.01,0.01,1480,347,False,normal,,,,pending
1531,2026,afnc,เจ้าหน้าที่ตรวจคนเข้าเมืองไทย มีหลักเกณฑ์พิจารณาอนุญาตให้เดินทางเข้าประเทศที่ต่างกันในแต่ละสนามบิน,เจ้าหน้าที่ตรวจคนเข้าเมืองไทย มีหลักเกณฑ์พิจารณาอนุญาตให้เดินทางเข้าประเทศที่ต่างกันในแต่ละสนามบิน,https://www.antifakenewscenter.com/?p=82755,unclear,2026-09-21.v1,6db1971e9fec0b0b3f87c6b197c9226222b9ae6a1e4cee25281d55e6f6c7154a,jev-1.13.0,crossborder_people_services,0.97,"{""crossborder_people_services"": 0.97, ""out_of_scope"": 0.01, ""resident_refugee_status"": 0.01, ""unclear"": 0.01}",0.78,border_security,0.94,"{""border_security"": 0.95, ""citizenship_legal_status"": 0.05, ""crime_irregular_entry"": 0.0, ""health_disease"": 0.0, ""other_unclear"": 0.0, ""public_services_education"": 0.0, ""scam_impersonation"": 0.0, ""work_economic_competition"": 0.0}",explicit,0.5,0.01,0.01,0.02,0.02,0.02,0.02,1479,350,True,high,assistant_typesafe_scope_disagreement,,,pending
