group,year_be,records,distinct_claims_cos095
รับทำใบขับขี่ออนไลน์,2565,21,4
รับทำใบขับขี่ออนไลน์,2566,49,9
รับทำใบขับขี่ออนไลน์,2567,87,10
รับทำใบขับขี่ออนไลน์,2568,117,7
รับทำใบขับขี่ออนไลน์,2569,46,10
อ้างคืนเงินให้ผู้เสียหาย,2565,2,1
อ้างคืนเงินให้ผู้เสียหาย,2566,1,1
อ้างคืนเงินให้ผู้เสียหาย,2567,71,19
อ้างคืนเงินให้ผู้เสียหาย,2568,90,16
อ้างคืนเงินให้ผู้เสียหาย,2569,20,12
ลงทุน–ปันผล–ตลาดหลักทรัพย์,2565,41,7
ลงทุน–ปันผล–ตลาดหลักทรัพย์,2566,208,79
ลงทุน–ปันผล–ตลาดหลักทรัพย์,2567,99,49
ลงทุน–ปันผล–ตลาดหลักทรัพย์,2568,30,21
ลงทุน–ปันผล–ตลาดหลักทรัพย์,2569,4,3
