year_be,publisher,virus_records,records,virus_pct
2558,ชัวร์ก่อนแชร์,0,65,0.0
2559,ชัวร์ก่อนแชร์,1,206,0.49
2560,ชัวร์ก่อนแชร์,2,254,0.79
2561,ชัวร์ก่อนแชร์,3,265,1.13
2562,ชัวร์ก่อนแชร์,1,319,0.31
2563,ชัวร์ก่อนแชร์,27,193,13.99
2563,AFNC,187,865,21.62
2563,AFP ประเทศไทย,17,106,16.04
2564,ชัวร์ก่อนแชร์,17,166,10.24
2564,AFNC,138,1046,13.19
2564,AFP ประเทศไทย,15,87,17.24
2565,ชัวร์ก่อนแชร์,20,202,9.9
2565,AFNC,62,1615,3.84
2565,AFP ประเทศไทย,4,81,4.94
2566,ชัวร์ก่อนแชร์,5,506,0.99
2566,AFNC,19,2031,0.94
2566,AFP ประเทศไทย,1,78,1.28
2567,ชัวร์ก่อนแชร์,35,383,9.14
2567,AFNC,13,1889,0.69
2567,AFP ประเทศไทย,4,109,3.67
2568,ชัวร์ก่อนแชร์,2,242,0.83
2568,AFNC,12,1853,0.65
2568,AFP ประเทศไทย,1,138,0.72
2569,ชัวร์ก่อนแชร์,0,60,0.0
2569,AFNC,17,979,1.74
2569,AFP ประเทศไทย,0,91,0.0
