model,min_cluster_size,clusters,noise_unique_pct,ari_vs_size30
e5_passage,15,161,32.98198400239217,0.2906350260630582
e5_passage,30,64,16.827390296778052,1.0
e5_passage,50,43,12.38693279509606,0.9183506997951915
e5_passage,80,33,15.451895043731778,0.8703093275334736
e5_query,15,181,27.779023697391043,0.5073017737749852
e5_query,30,90,24.071166928309786,1.0
e5_query,50,59,25.491515287433653,0.8110215864820657
e5_query,80,38,26.246542573073185,0.5979914812153613
paraphrase_minilm,15,179,27.913583015623832,0.5793727715094348
paraphrase_minilm,30,105,28.04066681617702,1.0
paraphrase_minilm,50,66,25.155116991851685,0.6417667984921644
paraphrase_minilm,80,39,20.07924048740375,0.3310031844129343
