model,baseline_topic,best_matching_topic,record_jaccard
e5_passage,1,13,1.0
e5_passage,2,3,1.0
e5_passage,4,47,1.0
e5_passage,7,39,1.0
e5_passage,11,45,1.0
e5_passage,28,63,1.0
e5_passage,49,46,1.0
e5_query,1,28,0.4190231362467866
e5_query,2,1,0.9090909090909091
e5_query,4,42,0.6856287425149701
e5_query,7,47,0.6325757575757576
e5_query,11,52,0.8380952380952381
e5_query,28,68,0.12748344370860928
e5_query,49,7,0.0425531914893617
paraphrase_minilm,1,62,0.41922290388548056
paraphrase_minilm,2,7,0.29429429429429427
paraphrase_minilm,4,10,0.6197604790419161
paraphrase_minilm,7,32,0.4396887159533074
paraphrase_minilm,11,64,0.46551724137931033
paraphrase_minilm,28,97,0.27702702702702703
paraphrase_minilm,49,11,0.0546875
