id,source,date,year,verdict,scope,target_group,subtopic_v2,blamed_actor,victim_actor,claim_text,url
315,afnc,2026-06-09,2026,false,resident_refugee_status,generic,5,migrants,thai_public,ชาวต่างชาติ เกาะพะงัน ข่มขู่ สั่งปิด-แจ้งจับคนไทยจัดงานบุญเสียงดัง,https://www.antifakenewscenter.com/?p=88103
1079,afnc,2026-03-22,2026,false,crossborder_people_services,cambodia,0,none,none,ตม. สกัดเข้ม ห้ามกัมพูชาเข้าประเทศไทย หากจับได้ส่งกลับทันที,https://www.antifakenewscenter.com/?p=84751
27675,cofact,2026-02-23,2026,misleading,resident_refugee_status,generic,8,thai_state,none,ปัจจุบันมีการเสนอแก้ไขมาตรา 7 ทวิวรรคสอง ของ พ.ร.บ.สัญชาติ เปิดช่องให้ลูกหลานแรงงานต่างด้าวที่เกิดในไทยได้สัญชาติไทยโดยการเกิด,https://blog.cofact.org/th/fact-check-nationality-act-23022026/
1022,afnc,2026-03-28,2026,false,crossborder_people_services,israel,4,migrants,none,"ชาวอิสราเอล 425,000 คน เตรียมอพยพเดินทางเข้าไทย",https://www.antifakenewscenter.com/?p=85013
28080,cofact,2026-01-28,2026,false,crossborder_people_services,cambodia,3,foreign_state,thai_state,กัมพูชานำคนป่วยมาทิ้งไว้ที่ชายแดนฝั่งไทย หวังให้โรงพยาบาลในไทยรับไปรักษาตัวโดยไม่ต้องเสียค่าใช้จ่าย,https://blog.cofact.org/th/fact-check-thai-cambodia-28012026/
1311,afnc,2026-02-27,2026,false,crossborder_people_services,cambodia,3,migrants,none,ชาวกัมพูชาซื้อสัญชาติลาว เพื่อเดินทางเข้าไทย,https://www.antifakenewscenter.com/?p=83705
1540,afnc,2026-02-03,2026,false,crossborder_people_services,cambodia,3,none,none,ชาวกัมพูชายังคงเข้ามาซื้อสินค้าในตลาดช่องจอม อ.กาบเชิง จ.สุรินทร์ แม้จะมีการประกาศปิดด่าน,https://www.antifakenewscenter.com/?p=82699
737,afnc,2026-04-26,2026,false,crossborder_people_services,cambodia,3,migrants,none,พบชาวกัมพูชาเดินทางข้ามแดนเข้าไทย ในพื้นที่ จ.จันทบุรี ได้โดยง่าย,https://www.antifakenewscenter.com/?p=86355
6249,afnc,2024-09-20,2024,false,resident_refugee_status,generic,6,none,none,บัตร 10 ปีที่ต่างด้าวได้รับ ถูกจำหน่ายออกจากระบบ,https://www.antifakenewscenter.com/?p=62268
3233,afnc,2025-08-08,2025,misleading,resident_refugee_status,cambodia,0,thai_state,migrants,สั่งจับแรงงานกัมพูชาส่งกลับประเทศ ไม่ให้ประกอบอาชีพในไทย,https://www.antifakenewscenter.com/?p=75450
15406,afnc,2021-02-01,2021,false,resident_refugee_status,generic,-1,thai_state,thai_public,กระทรวงแรงงาน ปลดล็อก 5 อาชีพ ให้แรงงานต่างชาติ,https://www.antifakenewscenter.com/?p=8236
5515,afnc,2024-12-09,2024,false,resident_refugee_status,myanmar,2,thai_state,thai_public,กระทรวงแรงงานเปลี่ยนแปลงกฎหมายเอื้อคนพม่า ประกาศขึ้นทะเบียนอาชีพอิสระมากถึง 9 ล้านคน,https://www.antifakenewscenter.com/?p=65462
1003,afnc,2026-03-30,2026,misleading,crossborder_people_services,cambodia,0,none,none,"ผู้พลัดถิ่นชาวกัมพูชากว่า 36,000 คน ยังตกค้างชายแดนไทย",https://www.antifakenewscenter.com/?p=85080
13177,afnc,2022-05-15,2022,false,resident_refugee_status,generic,-1,thai_state,thai_public,กระทรวงแรงงาน ปลดล็อก 5 อาชีพ ให้สามารถจ้างแรงงานต่างชาติทำงานได้,https://www.antifakenewscenter.com/?p=22789
4314,afnc,2025-04-17,2025,misleading,resident_refugee_status,generic,,employers_brokers,none,เปิดปฏิบัติการตรวจร้านคาราโอเกะ-บาร์โฮส 10 แห่ง ใน กทม.,https://www.antifakenewscenter.com/?p=70761
1927,afnc,2025-12-24,2025,misleading,resident_refugee_status,cambodia,0,none,none,ลูกจ้างชาวกัมพูชาที่ทำงานในไทยทุกคน จะอยู่ทำงานได้ถึงวันที่ 13 ก.พ. 69 เท่านั้น หากจ้างต่อจะถูกดำเนินคดีตามกฎหมาย,https://www.antifakenewscenter.com/?p=81060
6100,afnc,2024-10-06,2024,false,resident_refugee_status,generic,-1,migrants,none,พบแรงงานต่างด้าวจ้างคนไทยเป็นเจ้านาย หรือเรียกว่า นายจ้างให้เช่า,https://www.antifakenewscenter.com/?p=62955
5929,afnc,2024-10-25,2024,false,resident_refugee_status,mixed,0,thai_state,migrants,ไทยตัดขาดความสัมพันธ์ระหว่างประเทศกับลาว และกัมพูชา จึงได้ทำการส่งตัวแรงงานจากลาว และกัมพูชากลับประเทศ,https://www.antifakenewscenter.com/?p=63714
16722,afp,2026-03-31,2026,false,crossborder_people_services,israel,4,migrants,none,"ชาวอิสราเอล 425,000 คนอพยพมาประเทศไทย",https://factcheckthailand.afp.com/doc.afp.com.A66D2T4
26807,thaipbs,2026-02-24,2026,misleading,crossborder_people_services,cambodia,1,foreign_state,thai_state,กัมพูชาทวงสัญญา MOU 7 ฉบับ ขอรักษาฟรี-ทุนเรียน 800 ล้านบาท จี้รัฐบาลทบทวนหวั่นไทยเสียเปรียบ,https://www.thaipbs.or.th/verify/content/9292
3445,afnc,2025-07-20,2025,false,resident_refugee_status,china,6,none,none,ชาวจีนสามารถเปิดร้านค้าในไทยได้โดยไม่ต้องมีวีซ่า,https://www.antifakenewscenter.com/?p=74460
17106,afp,2020-09-22,2020,misleading,crossborder_people_services,myanmar,2,migrants,none,ภาพคนแห่หนีการระบาดจากเมียนมาร์มาไทย?,https://factcheckthailand.afp.com/afp-photo-indian-migrant-workers-leaving-delhi-falsely-circulated-myanmar-people-fleeing-thailand-th
4571,afnc,2025-03-21,2025,false,resident_refugee_status,myanmar,2,migrants,thai_public,ประชากรพม่าใน จ.สมุทรสาคร มากกว่าประชากรไทยในพื้นที่,https://www.antifakenewscenter.com/?p=69587
5235,afnc,2025-01-08,2025,misleading,resident_refugee_status,generic,8,none,none,ลูกแรงงานต่างด้าว มีสิทธิ์ขอสัญชาติไทย,https://www.antifakenewscenter.com/?p=66678
3045,afnc,2025-08-27,2025,false,crossborder_people_services,cambodia,3,thai_state,none,ตม. ไทย เปิดด่านให้ชาวกัมพูชาเข้ามาใช้บริการโรงพยาบาลได้ตามปกติแล้ว,https://www.antifakenewscenter.com/?p=76322
3633,afnc,2025-06-30,2025,misleading,crossborder_people_services,cambodia,1,none,none,ด่านคลองลึกเปิดให้นักเรียนกัมพูชาข้ามแดน โดยไม่ใช้เอกสารผ่านแดน,https://www.antifakenewscenter.com/?p=73638
26872,thaipbs,2025-12-12,2025,misleading,crossborder_people_services,cambodia,3,thai_state,migrants,“สื่อกัมพูชา” อ้าง “ทหารไทย” กักตัว “ชาวกัมพูชา” คาด่าน,https://www.thaipbs.or.th/verify/content/7599
3537,afnc,2025-07-10,2025,false,resident_refugee_status,china,7,none,none,เปิดบริการรับทำใบขับขี่ไทยให้ชาวจีน ผ่าน TikTok ชื่อ qkooytuiw7d,https://www.antifakenewscenter.com/?p=74067
26687,thaipbs,2026-06-03,2026,false,crossborder_people_services,cambodia,1,thai_state,none,สระแก้วเปิดด่านให้เด็กกัมพูชาข้ามมาเรียนได้แล้ว พร้อมรัฐมนตรีว่าการกระทรวงศึกษาธิการสั่งแจกทุนนักเรียนกัมพูชา 800 ล้านบาท,https://www.thaipbs.or.th/verify/content/12931
480,afnc,2026-05-23,2026,false,resident_refugee_status,israel,4,migrants,thai_public,ชาวอิสราเอล อพยพเข้าไทยปีละ 5 หมื่นคน ยึดปาย พะงัน และนราธิวาส ผ่านนอมินี ยึดที่ดินทำศาสนสถาน,https://www.antifakenewscenter.com/?p=87396
5180,afnc,2025-01-14,2025,misleading,resident_refugee_status,myanmar,2,thai_state,thai_public,เลือดสำรองคนไทยถูกนำไปให้พม่าใช้ จนโลหิตในคลังขาดแคลน,https://www.antifakenewscenter.com/?p=66928
28891,cofact,2026-08-27,2026,misleading,resident_refugee_status,generic,-1,thai_state,thai_public,ข่าว นศ. ร้องเรียนปัญหากู้เงิน กยศ. ถูกนำมาเติมข้อความและบิดเบือน เพื่อปลุกปั่นความเกลียดชังคนต่างด้าว,https://blog.cofact.org/th/fact-check-student-loan-270820266/
27584,cofact,2026-02-25,2026,misleading,crossborder_people_services,cambodia,1,thai_state,none,ศธ. ประกาศให้รับเด็กที่ไม่มีสัญชาติไทยเข้าเรียนในไทย หลังคลิปเด็กกัมพูชาเดินข้ามจุดผ่านแดนเข้ามาเรียน,https://blog.cofact.org/th/fact-check-thai-cambodia-25022026/
1099,afnc,2026-03-20,2026,misleading,resident_refugee_status,israel,4,migrants,none,ชาวยิวและอิสราเอล มาตั้งหลักปักฐาน อยู่ตามสถานที่ท่องเที่ยวของไทย,https://www.antifakenewscenter.com/?p=84670
6337,afnc,2024-09-11,2024,misleading,resident_refugee_status,generic,1,thai_state,thai_public,เด็กไทยต้องเสียค่าเทอม แต่เด็กต่างชาติได้เรียนฟรี โดยใช้ภาษีจากคนไทย,https://www.antifakenewscenter.com/?p=61863
7946,afnc,2024-03-20,2024,false,resident_refugee_status,cambodia,0,foreign_state,none,กัมพูชาตัดขาดไทย ดึงแรงงานกัมพูชากลับประเทศ,https://www.antifakenewscenter.com/?p=53985
3690,afnc,2025-06-24,2025,false,resident_refugee_status,china,7,none,none,กรมการขนส่งทางบก เปิดให้บริการทำใบขับขี่สำหรับคนจีน ผ่านเพจ Thai Driver's License,https://www.antifakenewscenter.com/?p=73386
1233,afnc,2026-03-06,2026,false,crossborder_people_services,generic,1,thai_state,none,ระเบียบการใหม่ให้สิทธินักเรียนต่างด้าวเดินทางข้ามแดนมาเรียนแบบเช้าไป-เย็นกลับ,https://www.antifakenewscenter.com/?p=84098
505,afnc,2026-05-20,2026,false,resident_refugee_status,israel,6,migrants,none,ชาวอิสราเอลในไทย สามารถรับทำวีซ่า เอกสาร ให้ชาวอิสราเอลย้ายมาอยู่ถาวรในไทยได้,https://www.antifakenewscenter.com/?p=87295
4787,afnc,2025-02-26,2025,false,resident_refugee_status,generic,6,none,none,ต่างด้าวใน อ.ปาย มีบัตร ปชช. เป็นคนไทย,https://www.antifakenewscenter.com/?p=68575
58,afnc,2026-07-06,2026,false,crossborder_people_services,cambodia,3,migrants,none,รั้วชายแดนเอาไม่อยู่ รถตู้ VIP จากกัมพูชา วิ่งผ่านเข้าไทยได้อย่างง่ายดาย,https://www.antifakenewscenter.com/?p=89371
396,afnc,2026-06-01,2026,false,crossborder_people_services,cambodia,-1,migrants,none,ด่านปิดมา 1 ปี แต่ยังพบชาวกัมพูชาสัญจรไปมา-อาศัยในพื้นที่ คลองลึก โรงเกลือ จ.สระแก้ว,https://www.antifakenewscenter.com/?p=87766
15735,afnc,2020-10-04,2020,false,resident_refugee_status,myanmar,2,migrants,thai_public,ชาวพม่ามาตรวจไทรอยด์ที่รพ.ราชวิถี แต่,https://www.antifakenewscenter.com/?p=6476
16862,afp,2025-02-06,2025,false,resident_refugee_status,myanmar,2,migrants,none,ภาพแรงงานพม่าเรียกร้องค่าแรงขั้นต่ำ 700 บาท,https://factcheckthailand.afp.com/doc.afp.com.36X87V2
99,afnc,2026-07-02,2026,misleading,crossborder_people_services,cambodia,-1,migrants,none,"ชาวกัมพูชาแอบลักลอบเข้าไทย จ่ายค่านายหน้า 7,500 - 8,000 บาท",https://www.antifakenewscenter.com/?p=89091
4644,afnc,2025-03-13,2025,false,resident_refugee_status,generic,5,migrants,thai_public,แก๊งค้ามนุษย์-ขอทานต่างด้าวระบาดทั่วไทย ไร้การจัดการ,https://www.antifakenewscenter.com/?p=69156
26964,thaipbs,2025-08-29,2025,false,resident_refugee_status,cambodia,3,thai_state,none,แม่ทัพภาคที่ 1 เสนอมอบสัญชาติไทยให้ชาวกัมพูชา พื้นที่บ้านหนองจาน ต.โนนหมากมุ่น อ.โคกสูง จ.สระแก้ว,https://www.thaipbs.or.th/verify/content/5129
830,afnc,2026-04-16,2026,false,resident_refugee_status,cambodia,0,thai_state,migrants,รัฐบาลไม่อนุญาตให้แรงงานกัมพูชาทำงานในประเทศไทย และผลักดันออกนอกประเทศ,https://www.antifakenewscenter.com/?p=85915
1162,afnc,2026-03-13,2026,false,crossborder_people_services,cambodia,-1,thai_state,migrants,ตม. ไทยไม่ให้ชาวกัมพูชาเดินทางเข้าประเทศ และบังคับให้ซื้อตั๋วเครื่องบินกลับกัมพูชาทันที,https://www.antifakenewscenter.com/?p=84399
4776,afnc,2025-02-27,2025,misleading,resident_refugee_status,generic,6,none,none,นายจ้างที่มีต่างด้าวผิดกฎหมาย ต้องส่งแรงงานเข้าไปจัดเก็บอัตลักษณ์บุคคล ภายในวันที่ 28 มิ.ย. 68,https://www.antifakenewscenter.com/?p=68620
17181,afp,2025-02-20,2025,false,resident_refugee_status,israel,4,migrants,none,"ชาวอิสราเอลย้ายมา ""ตั้งถิ่นฐาน"" ในอ.ปายหลังอิสราเอล-ฮามาสหยุดยิง",https://factcheckthailand.afp.com/doc.afp.com.36Y43TK
1601,afnc,2026-01-28,2026,false,crossborder_people_services,cambodia,0,migrants,thai_state,ตม.ดอนเมือง จับกุมสายลับชาวกัมพูชาแฝงตัวลักลอบเข้าไทย,https://www.antifakenewscenter.com/?p=82425
15549,afnc,2020-12-22,2020,false,resident_refugee_status,generic,0,migrants,thai_public,แรงงานต่างชาติลักลอบทุบกำแพง หลังพื้นที่กักกันเพื่อหลบหนี,https://www.antifakenewscenter.com/?p=7482
138,afnc,2026-06-28,2026,misleading,resident_refugee_status,myanmar,2,employers_brokers,none,"นายหน้าชาวเมียนมารับเปิดบัญชีธนาคาร 1,500 บาท ให้กับชาวเมียนมาในภูเก็ต",https://www.antifakenewscenter.com/?p=88902
28124,cofact,2025-08-15,2025,misleading,resident_refugee_status,stateless_ethnic,8,migrants,thai_public,กฎหมาย พ.ร.บ. ชาติพันธุ์อาจมีแอบแฝงแจกที่ทำกินให้ครอบครัวละ 20 ไร่ สุดท้ายแล้วคนไทยแท้ไม่มีที่ทำกิน แต่กลุ่มต่างด้าวที่แฝงเป็นชาติติพันธุ์อาจได้ที่ทำกิน,https://blog.cofact.org/th/ethnic-protection-bill/
292,afnc,2026-06-12,2026,false,crossborder_people_services,cambodia,1,thai_state,none,ด่านชายแดนจังหวัดตราด เปิดให้นักเรียนกัมพูชา เข้ามาเรียนได้,https://www.antifakenewscenter.com/?p=88181
9740,afnc,2023-07-27,2023,false,crossborder_people_services,generic,5,employers_brokers,none,ลักลอบนำชาวต่างด้าวหลายคนเข้าภูเก็ตในเวลากลางคืนด้วยรถตู้,https://www.antifakenewscenter.com/?p=39586
1117,afnc,2026-03-18,2026,false,crossborder_people_services,israel,4,thai_state,none,ไทยเตรียมรับผู้อพยพชาวยิว เนื่องจากระบบป้องกันภัยอิสราเอลใกล้หมด,https://www.antifakenewscenter.com/?p=84600
69,afnc,2026-07-05,2026,false,crossborder_people_services,cambodia,0,thai_state,migrants,"ไทยได้สังหารหมู่ผู้ลี้ภัยชาวกัมพูชา มากกว่า 45,000 คน ภายในเวลาเพียง 1 วัน",https://www.antifakenewscenter.com/?p=89321
27940,cofact,2025-11-05,2025,misleading,crossborder_people_services,cambodia,0,migrants,none,ด่วน! แรงงานเขมร ลักลอบเข้าไทย โดยวิธีการต่างๆ ดัดแปลงกระบะ ขนต่างด้าวเข้าเมือง,https://blog.cofact.org/th/fact-check-thai-cambodia-05112025/
219,afnc,2026-06-19,2026,misleading,resident_refugee_status,generic,-1,thai_state,thai_public,ผู้ป่วยต่างด้าวรับการรักษาในโรงพยาบาลของรัฐบาลไทย ด้วยเงินภาษีของคนไทย,https://www.antifakenewscenter.com/?p=88571
13201,afnc,2022-05-12,2022,false,crossborder_people_services,myanmar,-1,thai_state,migrants,ทหารไทยทำลายสะพานข้ามพรมแดนของผู้ลี้ภัยชาวเมียนมา,https://www.antifakenewscenter.com/?p=22675
1174,afnc,2026-03-12,2026,false,resident_refugee_status,cambodia,0,migrants,none,แรงงานกัมพูชากว่า 7 แสนคน ไม่ยอมกลับประเทศ ยอมจ่ายเงินเพื่อให้ได้สัญชาติไทย,https://www.antifakenewscenter.com/?p=84348
13918,afnc,2022-01-31,2022,false,crossborder_people_services,generic,5,employers_brokers,none,มีการแอบลักลอบนำชาวมุสลิมต่างด้าวหลายคนเข้า จ.ภูเก็ต ในเวลากลางคืนด้วยรถตู้,https://www.antifakenewscenter.com/?p=18404
298,afnc,2026-06-11,2026,false,resident_refugee_status,cambodia,0,migrants,none,"แรงงานกัมพูชา จ่าย 7,000 บาท ก็กลับมาทำงานที่ไทยได้",https://www.antifakenewscenter.com/?p=88167
1146,afnc,2026-03-15,2026,false,crossborder_people_services,cambodia,0,migrants,none,แรงงานกัมพูชาเริ่มกลับมาลักลอบเข้า-ออก ไทยอีกครั้ง ผ่านช่องทางลับที่ชายแดน,https://www.antifakenewscenter.com/?p=84477
10046,afnc,2023-06-20,2023,false,resident_refugee_status,generic,-1,none,none,เปิดลงทะเบียนทำบัตรประชาชนต่างด้าว ผ่านเพจสำนักบริหารการทะเบียนกลาง,https://www.antifakenewscenter.com/?p=37944
629,afnc,2026-05-07,2026,misleading,resident_refugee_status,israel,5,migrants,thai_public,พบชาวอิสราเอล ในภูเก็ต ถือโบชัวร์เดินขายทัวร์ ทั่วป่าตอง ลักษณะทำเป็นธุรกิจท่องเที่ยวนอมินี,https://www.antifakenewscenter.com/?p=86782
1108,afnc,2026-03-19,2026,false,resident_refugee_status,israel,4,thai_state,none,รัฐบาลจัดสรรพื้นที่ให้กับชาวยิวที่อพยพมาอยู่ในไทยเพิ่มเติม,https://www.antifakenewscenter.com/?p=84633
4851,afnc,2025-02-19,2025,misleading,resident_refugee_status,israel,4,migrants,none,"ชาวยิวอิสราเอลกว่า 30,000 คน มาตั้งถิ่นฐานใน อ.ปาย",https://www.antifakenewscenter.com/?p=68331
4720,afnc,2025-03-05,2025,misleading,resident_refugee_status,generic,-1,migrants,none,ต่างด้าวยกพวกตีกัน ในหมู่บ้านเอื้ออาทร อ.พิมาย,https://www.antifakenewscenter.com/?p=68843
14882,afnc,2021-07-16,2021,misleading,resident_refugee_status,generic,-1,thai_state,none,กรมการจัดหางาน ยกเลิกโครงการช่วยเหลือคนต่างด้าวด้านสาธารณสุข,https://www.antifakenewscenter.com/?p=11374
286,afnc,2026-06-12,2026,false,resident_refugee_status,myanmar,2,thai_state,none,รัฐบาลให้สิทธิบัตรสวัสดิการแห่งรัฐกับคนพม่า,https://www.antifakenewscenter.com/?p=88251
5600,afnc,2024-11-30,2024,misleading,resident_refugee_status,generic,6,thai_state,none,เปิดให้แรงงานต่างด้าวขึ้นทะเบียน หรือต่ออายุทำงาน และแรงงานเถื่อนก็สามารถขึ้นทะเบียนได้,https://www.antifakenewscenter.com/?p=65110
2382,afnc,2025-11-07,2025,misleading,resident_refugee_status,israel,4,migrants,none,ชาวอิสราเอลหลายพันคน ย้ายเข้ามาตั้งถิ่นฐานที่เกาะพะงัน,https://www.antifakenewscenter.com/?p=79156
3176,afnc,2025-08-14,2025,misleading,resident_refugee_status,cambodia,0,none,none,แรงงานกัมพูชาในไทยแห่กลับบ้านกว่า 8 แสนคน,https://www.antifakenewscenter.com/?p=75714
5170,afnc,2025-01-15,2025,false,resident_refugee_status,myanmar,2,thai_state,none,ออกบัตรประชาชนให้พม่าเป็นสัญชาติไทย โดยไม่ตรวจประวัติ,https://www.antifakenewscenter.com/?p=66967
392,afnc,2026-06-01,2026,false,crossborder_people_services,cambodia,1,thai_state,none,ทางการไทยและกัมพูชามีมาตรการผ่อนปรนให้เปิดด่านพรมแดนบ้านคลองลึก ให้เด็กมาเรียน,https://www.antifakenewscenter.com/?p=87789
527,afnc,2026-05-18,2026,misleading,resident_refugee_status,generic,5,thai_state,thai_public,คนไทยเจาะบ่อบาดาลขออนุญาต แต่ต่างด้าวทำกิจการปิโตรเคมีได้โดยไม่ต้องขออนุญาต,https://www.antifakenewscenter.com/?p=87197
7940,afnc,2024-03-21,2024,false,resident_refugee_status,generic,-1,thai_state,thai_public,กระทรวงแรงงานปลดล็อก 5 อาชีพ ให้แรงงานต่างชาติ,https://www.antifakenewscenter.com/?p=54008
7273,afnc,2024-06-01,2024,false,resident_refugee_status,generic,7,none,none,รับทำใบขับขี่ สำหรับชาวต่างชาติ ผ่านเพจ DLT Smart Queue,https://www.antifakenewscenter.com/?p=57501
28224,cofact,2026-07-17,2026,misleading,resident_refugee_status,myanmar,2,none,thai_public,อาชีพนายหน้าหรือว่าล่ามแปลภาษา เป็นอาชีพสงวนของคนไทย ต่างด้าวพม่ารามัญไม่สามารถทำได้,https://blog.cofact.org/th/fact-check-translator-17072026/
561,afnc,2026-05-14,2026,false,resident_refugee_status,cambodia,0,thai_state,none,"รัฐบาลต่ออายุใบอนุญาตทำงานให้กับแรงงานกัมพูชากว่า 200,000 คน ที่ยังอยู่นอกระบบ",https://www.antifakenewscenter.com/?p=87091
252,afnc,2026-06-16,2026,misleading,resident_refugee_status,generic,-1,migrants,none,แรงงานต่างด้าวฝากครรภ์ในโรงพยาบาลไทย หลังคลอดมีเงินบำรุงบุตร มีสวัสดิการ,https://www.antifakenewscenter.com/?p=88433
14,afnc,2026-07-10,2026,false,crossborder_people_services,cambodia,1,thai_state,thai_public,รมว. กระทรวงการต่างประเทศ ไม่เห็นด้วยกรณีนำเงินภาษีคนไทยให้เด็กเขมร,https://www.antifakenewscenter.com/?p=89588
17289,afp,2025-02-06,2025,false,resident_refugee_status,myanmar,2,migrants,thai_public,วิดีโอแรงงานเมียนมาประท้วงขอขึ้นค่าแรงเป็น 700 บาท,https://factcheckthailand.afp.com/doc.afp.com.36X84TJ
1473,afnc,2026-02-10,2026,false,resident_refugee_status,generic,1,thai_state,migrants,ผู้บัญชาการทหารสูงสุดสั่งการ ผู้ใดให้ความช่วยเหลือเด็กต่างด้าว ให้เรียนฟรี ต้องใช้เงินส่วนตัวแทนเท่านั้น,https://www.antifakenewscenter.com/?p=82986
6120,afnc,2024-10-04,2024,false,resident_refugee_status,myanmar,2,migrants,thai_public,สาวพม่าจ่ายเงินซื้อสัญชาติไทยจำนวน 8 หมื่นบาท,https://www.antifakenewscenter.com/?p=62850
6381,afnc,2024-09-06,2024,false,resident_refugee_status,myanmar,-1,employers_brokers,thai_public,ธุรกิจนายหน้า นำแรงงานพม่าเข้าประเทศไทย ไร้การควบคุม,https://www.antifakenewscenter.com/?p=61670
27293,cofact,2026-06-09,2026,false,resident_refugee_status,cambodia,1,thai_state,thai_public,เด็กเขมรเรียนฟรีแต่เด็กไทยต้องกู้ กยศ,https://blog.cofact.org/th/fact-check-thai-cambodia-09062026/
1215,afnc,2026-03-08,2026,misleading,resident_refugee_status,generic,1,thai_state,thai_public,ยกเลิกประกาศของ ศธ. ให้เด็กต่างชาติเรียนฟรีถึงระดับปริญญาตรีในประเทศไทย,https://www.antifakenewscenter.com/?p=84182
6542,afnc,2024-08-19,2024,false,resident_refugee_status,myanmar,2,migrants,thai_public,แรงงานชาวเมียนมาร์ เรียกร้องสิทธิเทียบเท่าคนไทย,https://www.antifakenewscenter.com/?p=61035
27505,cofact,2026-03-01,2026,misleading,resident_refugee_status,cambodia,1,thai_state,thai_public,นฤมล ภิญโญสินวัฒน์ รมว. ศึกษาธิการ ระบุสะเทือนใจมากที่นักเรียนเขมรถูกส่งกลับ สงสารที่ถูกปิดโอกาสในการเรียน,https://blog.cofact.org/th/fact-check-thai-cambodia-01032026/
2582,afnc,2025-10-16,2025,false,crossborder_people_services,cambodia,3,thai_state,thai_public,ชาวกัมพูชาบ้านหนองจาน ใช้ไฟฟ้าจากไทย,https://www.antifakenewscenter.com/?p=78273
3650,afnc,2025-06-28,2025,false,resident_refugee_status,laos_vietnam,0,migrants,thai_public,แรงงานลาวแห่ทะลักเข้าไทย หลังแรงงานกัมพูชาทยอยกลับ,https://www.antifakenewscenter.com/?p=73547
27145,thaipbs,2024-10-24,2024,misleading,resident_refugee_status,myanmar,2,thai_state,thai_public,เงินจากภาษีของคนไทย แต่พม่าได้สิทธิ??? ไม่ต้องกลัวนะครับคนไทยที่ไม่ได้รับสิทธิสิทธิของท่านพม่าได้รับไว้ให้แล้ว ส่วนคนไทยต้องมานั่งใช้หนี้ให้พม่า,https://www.thaipbs.or.th/verify/content/339
27802,cofact,2025-02-06,2025,false,resident_refugee_status,myanmar,2,migrants,thai_public,พม่าเรียกค่าแรง 600-700 บาท พร้อมโลโก้พรรคประชาชนในคลิป,https://blog.cofact.org/th/myanmar-06022025/
391,afnc,2026-06-01,2026,false,resident_refugee_status,cambodia,1,thai_state,thai_public,รัฐมนตรีว่าการกระทรวงศึกษาธิการ แจ้งให้ทุนการศึกษาเด็กกัมพูชา 800 ล้านบาท,https://www.antifakenewscenter.com/?p=87793
13929,afnc,2022-01-29,2022,false,resident_refugee_status,generic,-1,thai_state,thai_public,กระทรวงแรงงาน ปลดล็อก 5 อาชีพ ให้สามารถจ้างแรงงานต่างชาติทำงานได้,https://www.antifakenewscenter.com/?p=18343
5366,afnc,2024-12-25,2024,false,resident_refugee_status,generic,-1,thai_state,thai_public,คนไทยถูกหักเงินประกันสังคม 750 บาท เพื่อเอื้อประโยชน์ให้แรงงานต่างด้าว,https://www.antifakenewscenter.com/?p=66111
28176,thaipbs,2026-07-14,2026,altered_media,resident_refugee_status,generic,-1,migrants,thai_public,หญิงต่างด้าวรอคลอดเต็มโรงพยาบาล ทำให้เด็กต่างด้าวเกิดใหม่ก้าวกระโดดแซงหน้าเด็กไทย,https://www.thaipbs.or.th/verify/content/14057
4706,afnc,2025-03-07,2025,misleading,resident_refugee_status,israel,4,migrants,none,ชาวยิว อิสราเอล สร้างชาบัด 6 แห่ง ทั่วประเทศไทย,https://www.antifakenewscenter.com/?p=68904
5541,afnc,2024-12-06,2024,false,resident_refugee_status,myanmar,7,none,none,ชาวเมียนมาสามารถทำใบขับขี่ได้โดยไม่ต้องสอบ,https://www.antifakenewscenter.com/?p=65326
3625,afnc,2025-07-01,2025,misleading,resident_refugee_status,cambodia,0,thai_state,migrants,กองกำลังบูรพา ออกหนังสือยกเลิกผ่อนผันแรงงานกัมพูชา ที่ถือ Border Pass อยู่ไทย,https://www.antifakenewscenter.com/?p=73703
27959,cofact,2026-02-24,2026,misleading,resident_refugee_status,myanmar,-1,thai_state,thai_public,รังสิมันต์ โรม เสนอให้ออกบัตรประจำตัวประชาชนพิเศษให้ชาวเมียนมา ให้เข้าไทยได้โดยไม่ต้องขออนุญาต เพราะเป็นฐานเสียงทางการเมือง,https://blog.cofact.org/th/political-fact-check-24022026/
16856,afp,2025-02-27,2025,false,resident_refugee_status,israel,4,migrants,none,วิดีโอการเฉลิมฉลองในอ.ปาย ดินแดนแห่งเทพเจ้าของชาวยิว,https://factcheckthailand.afp.com/doc.afp.com.36YR7TC
1623,afnc,2026-01-26,2026,false,resident_refugee_status,generic,6,migrants,thai_public,ต่างด้าวสามารถสวมสิทธิ์โครงการคนละครึ่งได้,https://www.antifakenewscenter.com/?p=82319
27700,cofact,2026-02-21,2026,misleading,resident_refugee_status,cambodia,1,thai_state,thai_public,สว.อังคณาออกมาคัดค้านการตัดงบประมาณด้านการศึกษาของนักเรียนชาวกัมพูชาในไทย,https://blog.cofact.org/th/thai-cambodia-fact-check-21022026/
4327,afnc,2025-04-16,2025,false,resident_refugee_status,mixed,1,thai_state,thai_public,ลูกชาวพม่าและเขมร สามารถเรียนหลักสูตรนักศึกษาวิชาทหารไทยได้,https://www.antifakenewscenter.com/?p=70708
3034,afnc,2025-08-28,2025,false,resident_refugee_status,cambodia,3,thai_state,thai_public,แม่ทัพภาค 1 และฝ่ายความมั่นคง เสนอมอบสัญชาติไทยให้ชาวกัมพูชา บ้านหนองจาน,https://www.antifakenewscenter.com/?p=76384
15731,afnc,2020-10-06,2020,false,crossborder_people_services,myanmar,-1,migrants,thai_public,ชาวพม่าอพยพเข้าไทยหนีโควิด-19 ที่ด่านพรมแดนแม่สอด จ.ตาก,https://www.antifakenewscenter.com/?p=6499
27211,cofact,2026-06-05,2026,false,resident_refugee_status,cambodia,0,migrants,thai_public,"บักบอย อินฟลูเอ็นเซอร์ชาวเขมรเรียกร้องให้แรงงานเขมรในไทยได้รับสิทธิ์โครงการคนละครึ่งและขอขึ้นค่าแรงขั้นต่ำเป็น 1,500 บาท",https://blog.cofact.org/th/report-thai-cambodia-05062026/
28026,cofact,2026-04-24,2026,misleading,resident_refugee_status,generic,1,thai_state,thai_public,ไทยให้เด็กต่างชาติเรียนฟรีถึงปริญญาตรี,https://blog.cofact.org/th/fact-check-education-24042026/
1639,afnc,2026-01-24,2026,misleading,resident_refugee_status,generic,8,thai_state,thai_public,เตรียมแก้ไข พ.ร.บ.สัญชาติฯ ให้บุตรของคนต่างด้าวที่เกิดในประเทศไทย ตามมาตรา 7 ทวิ วรรคสอง ได้สัญชาติไทยโดยการเกิด,https://www.antifakenewscenter.com/?p=82246
17138,afp,2025-11-17,2025,false,crossborder_people_services,cambodia,0,migrants,thai_public,คลิปชาวกัมพูชา 2 คน ในกระบะดัดแปลงลักลอบขนต่างด้าวเข้าไทย,https://factcheckthailand.afp.com/doc.afp.com.8472963
6609,afnc,2024-08-12,2024,false,resident_refugee_status,china,-1,employers_brokers,thai_public,จ้างเปลี่ยนสัญชาติจีนเป็นไทย ได้ใบเกิด ทะเบียนบ้าน และบัตรประชาชน สามารถทำได้ทุกอย่างเหมือนคนไทย,https://www.antifakenewscenter.com/?p=60773
3044,afnc,2025-08-27,2025,misleading,resident_refugee_status,cambodia,3,thai_state,thai_public,ชาวกัมพูชาบ้านหนองจานที่อาศัยในไทยมานาน สามารถยื่นขอสัญชาติไทยได้,https://www.antifakenewscenter.com/?p=76326
5522,afnc,2024-12-08,2024,misleading,resident_refugee_status,generic,5,migrants,thai_public,พบต่างด้าวผลิตไอศกรีมรถเข็นขายเอง ไม่ได้มาตรฐาน ไม่มี อย,https://www.antifakenewscenter.com/?p=65450
1166,afnc,2026-03-13,2026,false,crossborder_people_services,cambodia,3,migrants,thai_public,ชาวกัมพูชาพยายามแหกด่าน เพื่อมารักษาวัณโรคฟรีที่ไทย,https://www.antifakenewscenter.com/?p=84387
6389,afnc,2024-09-05,2024,false,resident_refugee_status,myanmar,1,thai_state,thai_public,โรงเรียนแห่งหนึ่งในประเทศไทย ให้นักเรียนเข้าแถวร้องเพลงชาติเมียนมาทุกเช้า,https://www.antifakenewscenter.com/?p=61631
580,afnc,2026-05-12,2026,false,crossborder_people_services,other_foreign,0,migrants,thai_public,กัมพูชากวาดล้างแก๊งคอลเซ็นเตอร์ ทำให้ลักลอบทะลักมาทางชายแดนไทย,https://www.antifakenewscenter.com/?p=86985
2232,afnc,2025-11-23,2025,false,resident_refugee_status,generic,7,none,none,รับทำใบขับขี่ถูกกฎหมายแบบเร่งด่วนสำหรับคนต่างด้าว ผ่านเพจ รับทำใบขับขี่แบบถูกกฏหมาย100%,https://www.antifakenewscenter.com/?p=79780
451,afnc,2026-05-26,2026,false,resident_refugee_status,cambodia,0,migrants,thai_public,ภาพชาวกัมพูชารวมตัวทั้งประเทศ เรียกร้องให้ไทยจ่ายคนละครึ่งพลัสให้กับแรงงานกัมพูชาทุกคน,https://www.antifakenewscenter.com/?p=87532
12036,afnc,2022-10-21,2022,false,crossborder_people_services,other_foreign,5,migrants,thai_public,มีการแอบลักลอบนำชาวมุสลิมต่างด้าวหลายคนเข้า จ.ภูเก็ต ในเวลากลางคืนด้วยรถตู้,https://www.antifakenewscenter.com/?p=28205
224,afnc,2026-06-19,2026,false,resident_refugee_status,generic,8,thai_state,thai_public,คนต่างด้าว แม้เป็นแรงงานผิดกฎหมาย หากคลอดลูกในไทย จะได้สัญชาติไทยทันที,https://www.antifakenewscenter.com/?p=88535
4904,afnc,2025-02-13,2025,misleading,resident_refugee_status,china,-1,migrants,thai_public,จีนเทาบุกรุกถางป่า ปลูกทุเรียน ต.ด่านชุมพล อ.บ่อไร่ จ.ตราด,https://www.antifakenewscenter.com/?p=68085
39,afnc,2026-07-08,2026,misleading,resident_refugee_status,generic,0,none,none,ภูเก็ตมีแรงงานข้ามชาติทั้งในและนอกระบบรวมกว่า 2 แสนคน,https://www.antifakenewscenter.com/?p=89487
5062,afnc,2025-01-27,2025,false,resident_refugee_status,china,5,migrants,thai_public,ไทยปล่อยต่างด้าวเข้าประเทศแบบไม่คัดกรอง จีนเทาฉวยโอกาส จับเด็กไปขอทาน,https://www.antifakenewscenter.com/?p=67426
26851,thaipbs,2026-01-10,2026,misleading,resident_refugee_status,cambodia,0,thai_state,thai_public,ตรีนุช สั่งแรงงานกัมพูชาไม่ต้องกลับประเทศ 13 ก.พ. 69,https://www.thaipbs.or.th/verify/content/8264
4127,afnc,2025-05-08,2025,false,resident_refugee_status,generic,7,none,none,ใบขับขี่คนต่างชาติ ทำง่าย ได้จริง! ไม่ต้องสอบเอง ผ่านเพจ ยา มุกทาสี,https://www.antifakenewscenter.com/?p=71558
3548,afnc,2025-07-09,2025,false,resident_refugee_status,generic,6,thai_state,thai_public,คนต่างด้าวทำบัตรประชาชนคนไทยได้แล้ว,https://www.antifakenewscenter.com/?p=74026
2644,afnc,2025-10-09,2025,false,crossborder_people_services,cambodia,3,employers_brokers,none,ไทยขายใบนัดแพทย์ปลอม ให้คนกัมพูชาใช้ผ่านข้ามแดน,https://www.antifakenewscenter.com/?p=78022
3536,afnc,2025-07-10,2025,false,resident_refugee_status,china,,thai_state,thai_public,เจ้าหน้าที่สำนักงานตรวจคนเข้าเมือง เป็นเพื่อนกับเจ้าของร้านอาหารชาวจีน,https://www.antifakenewscenter.com/?p=74071
98,afnc,2026-07-02,2026,false,resident_refugee_status,israel,0,migrants,thai_public,พบแก๊งชาวอิสราเอลครอบครองอาวุธสงครามและวัตถุระเบิดบนเกาะสมุย ถูกตำรวจสากลตามจับ หลังหลบหนีมาอยู่ในไทย,https://www.antifakenewscenter.com/?p=89095
13904,afnc,2022-02-02,2022,false,resident_refugee_status,other_foreign,5,thai_state,thai_public,ผู้นำซาอุฯ แต่งตั้งตำแหน่งให้นายกฯ นำคนอิสลามเข้าไทยแบบผิดกฎหมาย,https://www.antifakenewscenter.com/?p=18511
14480,afnc,2021-10-24,2021,false,resident_refugee_status,other_foreign,5,thai_state,thai_public,ผู้ว่าฯ จังหวัดภูเก็ต แอบลักลอบนำมุสลิมต่างด้าวเข้ามาในประเทศอย่างผิดกฎหมาย,https://www.antifakenewscenter.com/?p=15331
6278,afnc,2024-09-17,2024,misleading,resident_refugee_status,generic,0,migrants,thai_public,"แรงงานต่างด้าวเข้าประเทศทำงานแล้วหลายแสนคน ส่งผลให้แรงงานไทยตกงานแล้วกว่า 430,000 คน",https://www.antifakenewscenter.com/?p=62152
28118,cofact,2026-06-17,2026,misleading,resident_refugee_status,generic,-1,thai_state,thai_public,โพสต์กล่าวหารัฐบาลเพื่อไทย-ภูมิใจไทย “แจกสัญชาติไทยอย่างกับแจกกระดาษชำระ,https://blog.cofact.org/th/fact-check-thai-nationality-17062026/
2379,afnc,2025-11-07,2025,false,resident_refugee_status,israel,4,migrants,thai_public,ชาวยิวในประเทศไทยเป็นทหารรับจ้างฆ่าเด็กและสตรี,https://www.antifakenewscenter.com/?p=79164
16390,afnc,2020-03-05,2020,false,resident_refugee_status,other_foreign,-1,thai_state,thai_public,การออกบัตรให้มุสลิมต่างด้าวทางสื่อออนไลน์,https://www.antifakenewscenter.com/?p=2430
655,afnc,2026-05-04,2026,false,resident_refugee_status,cambodia,1,thai_state,migrants,รมว.ต่างประเทศ เสนอให้ตัดทุนการศึกษาเด็กกัมพูชา,https://www.antifakenewscenter.com/?p=86676
27544,cofact,2026-02-26,2026,misleading,resident_refugee_status,generic,1,thai_state,thai_public,นักสิทธิมนุษยชนแห่งชาติเสนอให้เด็กต่างด้าวในไทยเรียนฟรีถึงปริญญาตรี,https://blog.cofact.org/th/fact-check-children-rights-26022026/
89,afnc,2026-07-03,2026,false,crossborder_people_services,cambodia,-1,migrants,thai_public,พบชาวกัมพูชาเดิน ตลาดโรงเกลือ เกือบ 100 เปอร์เซ็นต์ ทั้งที่ด่านปิด,https://www.antifakenewscenter.com/?p=89127
11087,afnc,2023-02-15,2023,false,resident_refugee_status,generic,7,none,none,เพจเปิดรับลงทะเบียนทำบัตรประชาชน สำหรับผู้ที่อาศัยอยู่ในประเทศไทยมานาน,https://www.antifakenewscenter.com/?p=32779
28091,cofact,2025-12-26,2025,misleading,resident_refugee_status,generic,8,thai_state,thai_public,กรมการปกครองเสนอแก้ไข พ.ร.บ.สัญชาติ เปิดช่องให้ลูกแรงงานต่างด้าวที่เกิดในไทยได้สัญชาติไทย,https://blog.cofact.org/th/fact-check-natioanality-act-26122025/
17,cofact,2026-07-10,2026,false,resident_refugee_status,cambodia,1,thai_state,thai_public,รัฐมนตรีต่างประเทศ “สีหศักดิ์ พวงเกตุแก้ว” ระบุ “ไม่เห็นด้วย เอาเงินภาษีคนไทยไปให้เด็กเขมร”,https://blog.cofact.org/th/fact-check-sihasak-10072026/
14318,afnc,2021-11-24,2021,false,resident_refugee_status,other_foreign,2,thai_state,thai_public,ข้าราชการไทย ออกบัตรประชาชนให้มุสลิมต่างด้าว โดยไม่ทำตามกฎหมาย,https://www.antifakenewscenter.com/?p=15491
27187,cofact,2026-06-15,2026,false,resident_refugee_status,generic,8,thai_state,thai_public,รัฐบาลกำลังร่างกฎหมายให้สัญชาติไทยและบัตรประชาชนแก่คนต่างด้าวรวมถึงคนต่างด้าวที่เข้ามาทำงานในไทยเป็นเวลานาน,https://blog.cofact.org/th/fact-check-nationality-law-15062026/
1319,afnc,2026-02-26,2026,false,crossborder_people_services,cambodia,0,migrants,thai_public,26 ก.พ. 69 ชาวกัมพูชา หนีตายทะลักเข้าไทย จำนวน 4.2 แสนคน,https://www.antifakenewscenter.com/?p=83678
4811,afnc,2025-02-23,2025,misleading,resident_refugee_status,israel,4,migrants,thai_public,ชาวยิวที่มาตั้งถิ่นฐานใน อ.ปาย ไม่ใช่นักท่องเที่ยว แต่เป็นหน่วยรบ,https://www.antifakenewscenter.com/?p=68475
4789,afnc,2025-02-26,2025,misleading,resident_refugee_status,israel,4,migrants,thai_public,โบสถ์ Chabad of Pai ของชาวยิวใน อ.ปาย ห้ามคนไทยเข้าไปเด็ดขาด,https://www.antifakenewscenter.com/?p=68567
27891,cofact,2025-08-07,2025,false,crossborder_people_services,cambodia,3,thai_state,migrants,โรงพยาบาลในจังหวัดสุรินทร์ไม่รับรักษาคนกัมพูชา,https://blog.cofact.org/th/factcheck-surin-hospital-07082025/
3327,afnc,2025-07-30,2025,false,crossborder_people_services,cambodia,3,thai_state,migrants,รมช.กลาโหม ให้สัมภาษณ์ งดให้ความช่วยเหลือผู้ป่วยกัมพูชา,https://www.antifakenewscenter.com/?p=75015
27076,thaipbs,2025-02-17,2025,false,resident_refugee_status,myanmar,2,migrants,thai_public,แรงงานพม่าในไทยเหิมเกริมมากเกิน ทำการเดินขบวนชุมนุมที่หน้าสนง.ยูเอ็น เรียกร้องค่าแรงขั้นต่ำวันละ 700 บาท,https://www.thaipbs.or.th/verify/content/431
11134,afnc,2023-02-10,2023,false,resident_refugee_status,generic,6,none,none,เริ่มเก็บค่าบริการสำหรับการต่อใบอนุญาตทำงานและวีซ่าของแรงงานต่างด้าว ตั้งแต่วันที่ 13 ก.พ. 66 ถึง 68,https://www.antifakenewscenter.com/?p=32540
27645,cofact,2024-07-15,2024,misleading,resident_refugee_status,mixed,8,thai_state,thai_public,“บัตรสีชมพู” เปิดช่องแรงงานข้ามชาติ ได้สัญชาติไทยจริงหรือ?,https://blog.cofact.org/th/migrant-workers-identification/
