topic_id,topic_label_draft,id,year,source,title,url,human_pure,human_note
1,invest_dividend,12062,2022,afnc,"ข่าวปลอม อย่าแชร์! ตลาดหลักทรัพย์แห่งประเทศไทยเปิดลงทุนหุ้นด้วยพอร์ต 1,000 บาท รับปันผล 5,000 บาท",https://www.antifakenewscenter.com/?p=28061,1,
1,invest_dividend,12441,2022,afnc,"ข่าวปลอม อย่าแชร์! ตลาดหลักทรัพย์แห่งประเทศไทย เปิดโอกาสให้ลงทุน 1,000 บาท รายได้ 25,000 บาท",https://www.antifakenewscenter.com/?p=26302,1,
1,invest_dividend,8589,2023,afnc,"ข่าวปลอม อย่าแชร์! เพจเฟซบุ๊ก หุ้น กองทุนรวม ชวนเปิดพอร์ต เริ่มต้น 1,000 บาท รับปันผลสูงสุด 36%",https://www.antifakenewscenter.com/?p=51317,1,
1,invest_dividend,8620,2023,afnc,"ข่าวปลอม อย่าแชร์! เพจเฟซบุ๊กชวนลงทุนกองทุนระยะสั้น (รายวัน) เริ่มต้นที่ 1,289 บาท ปันผลกำไร 10%-15%",https://www.antifakenewscenter.com/?p=51144,1,
1,invest_dividend,8690,2023,afnc,"ข่าวปลอม อย่าแชร์! เพจเฟซบุ๊กเปิดโอกาสให้นักลงทุนรายย่อย ร่วมลงทุนในตลาดหุ้น เริ่มต้น 1,999 บาท ผลกำไร 390 บาท/วัน",https://www.antifakenewscenter.com/?p=50829,1,
1,invest_dividend,8731,2023,afnc,"ข่าวปลอม อย่าแชร์! กรุงไทยเปิดให้ร่วมลงทุน กองทุนรวมตราสารแห่งทุน ขั้นต่ำหน่วยลงทุน 1,000 บาท",https://www.antifakenewscenter.com/?p=50645,1,
1,invest_dividend,8812,2023,afnc,"ข่าวปลอม อย่าแชร์! BCH ให้ลงทุนหุ้น รพ. เริ่มต้น 890 บาท กำไร 5-16% 3,980 บาท กำไร 15-35% รับรองโดยตลาดหลักทรัพย์ฯ",https://www.antifakenewscenter.com/?p=50276,1,
1,invest_dividend,8831,2023,afnc,ข่าวปลอม อย่าแชร์! ห้างทองเปิดให้ลงทุนกองทุนทองคำไทย เริ่ม 999 บาท กำไร 260 บาท รับรองโดยตลาดหลักทรัพย์ฯ,https://www.antifakenewscenter.com/?p=50198,1,
1,invest_dividend,9060,2023,afnc,ข่าวปลอม อย่าแชร์! ตลาดหลักทรัพย์ฯ ยกระดับการซื้อ-ขายหลักทรัพย์ เริ่มต้น 50 หน่วย สร้างกำไร 10-30%,https://www.antifakenewscenter.com/?p=42771,1,
1,invest_dividend,9099,2023,afnc,"ข่าวปลอม อย่าแชร์! บริษัทจดทะเบียนแห่งหนึ่งเปิดให้ร่วมลงทุน เริ่มต้น 1,175 บาท ปันผล 5-35%",https://www.antifakenewscenter.com/?p=42587,1,
1,invest_dividend,9256,2023,afnc,ข่าวปลอม อย่าแชร์! ตลาดหลักทรัพย์ฯ เปิดซื้อ-ขายกองทุนหลักทรัพย์ในไทย รับปันผล 10-20%,https://www.antifakenewscenter.com/?p=41843,1,
1,invest_dividend,9566,2023,afnc,ข่าวปลอม อย่าแชร์! ตลาดหลักทรัพย์ฯ ก.ล.ต. และธนาคารเอกชน เปิดโอกาสให้ลงทุนหุ้นกับกองทุน 999.-,https://www.antifakenewscenter.com/?p=40373,1,
1,invest_dividend,9662,2023,afnc,ข่าวปลอม อย่าแชร์! ก.ล.ต. ร่วมกับ รพ. เอกชนชั้นนำเปิดให้ลงทุน ผลตอบแทนมากกว่า 30%,https://www.antifakenewscenter.com/?p=39928,1,
1,invest_dividend,9680,2023,afnc,ข่าวปลอม อย่าแชร์! ตลาดหลักทรัพย์ฯ ร่วมกับบริษัทเอกชน เปิดลงทุนหุ้นพลังงาน SET100,https://www.antifakenewscenter.com/?p=39848,1,
1,invest_dividend,9829,2023,afnc,ข่าวปลอม อย่าแชร์! ตลาดหลักทรัพย์ฯ ร่วม ธ. เอกชนลงทุนในกลุ่มธุรกิจเครื่องดื่มชูกำลัง,https://www.antifakenewscenter.com/?p=39131,1,
1,invest_dividend,10061,2023,afnc,"ข่าวปลอม อย่าแชร์! ตลาดหลักทรัพย์แห่งประเทศไทย เปิดพอร์ตให้ลงทุน เริ่มต้น 1,500 บาท",https://www.antifakenewscenter.com/?p=37866,1,
1,invest_dividend,10387,2023,afnc,"ข่าวปลอม อย่าแชร์! บริษัท หลักทรัพย์บัวหลวง จำกัด (มหาชน) ชวนลงหุ้นน้ำมันใหญ่ เปิดพอร์ตเริ่ม 1,100 บาท",https://www.antifakenewscenter.com/?p=36258,1,
1,invest_dividend,5636,2024,afnc,ข่าวปลอม อย่าแชร์! นิคมอุตสาหกรรมอมตะ เปิดให้ลงทุนกองทุนรายวัน ปันผล 15-30% ต่อวัน และกองทุนรวม ปันผล 5-7% ต่อสัปดาห์ โดย ก.ล.ต.,https://www.antifakenewscenter.com/?p=64879,1,
1,invest_dividend,6152,2024,afnc,"ข่าวปลอม อย่าแชร์! เปิดให้ลงทุนในธุรกิจค้าปลีกประเภทร้านสะดวกซื้อ เริ่มต้น 1,200 บาท ผลตอบแทน 10 – 30% กำกับดูแลโดย ก.ล.ต.",https://www.antifakenewscenter.com/?p=62725,1,
1,invest_dividend,6598,2024,afnc,ข่าวปลอม อย่าแชร์! เพจเฟซบุ๊ก HSH Public Company Limited เปิดให้ลงทุนหุ้นทองคำ กำกับดูแลโดย ก.ล.ต.,https://www.antifakenewscenter.com/?p=60819,1,
1,invest_dividend,7040,2024,afnc,"ข่าวปลอม อย่าแชร์! ตลาดหลักทรัพย์ฯ เปิดเพจ Securities PCL ให้สร้างพอร์ตลงทุน เริ่มต้น 1,000 หน่วย ปันผล 7% ต่อสัปดาห์",https://www.antifakenewscenter.com/?p=58674,1,
1,invest_dividend,7267,2024,afnc,ข่าวปลอม อย่าแชร์! เปิดสมัครกองทุนระยะสั้น ปันผล 10-30% ต่อวัน ผ่านเพจของตลาดหลักทรัพย์แห่งประเทศไทย,https://www.antifakenewscenter.com/?p=57559,1,
1,invest_dividend,8146,2024,afnc,"ข่าวปลอม อย่าแชร์! CP ALL ร่วมกับตลาดหลักทรัพย์ฯ เปิดให้ลงทุนธุรกิจการค้าระดับโลก กองทุนผู้สูงอายุ 1,000 บาท รับปันผล 370 บาทต่อวัน 5,000 บาท รับปันผล 1,170 บาทต่อวัน",https://www.antifakenewscenter.com/?p=53112,1,
1,invest_dividend,8474,2024,afnc,"ข่าวปลอม อย่าแชร์! ตลาดหลักทรัพย์ฯ เปิดขาย SET50 กองทุนรวมทองคำไทย เริ่มต้น 1,000 บาท รับ 30,000 บาท",https://www.antifakenewscenter.com/?p=51784,1,
1,invest_dividend,3239,2025,afnc,"การบินไทย เปิดให้ซื้อขายหุ้นอีกครั้ง เริ่มต้น 3,000 บาท รับปันผล 930 บาท/วัน",https://www.antifakenewscenter.com/?p=75356,1,
1,invest_dividend,4253,2025,afnc,"ก.ล.ต. ชวนลงทุนอย่างมั่นใจ เริ่มต้น 1,000 รับผลตอบแทนวันละ 390",https://www.antifakenewscenter.com/?p=71039,1,
1,invest_dividend,5042,2025,afnc,"สร้างโอกาสด้วยกองทุนรวมผสม เปิดพอร์ตเริ่มต้นเพียง 1,000 บาท  กำกับโดย ก.ล.ต. ",https://www.antifakenewscenter.com/?p=67509,1,
1,invest_dividend,5214,2025,afnc,เงินเดือนน้อยก็ซื้อหุ้นได้ ผลตอบแทนสูง 37% มี ก.ล.ต. ช่วยดูแล,https://www.antifakenewscenter.com/?p=66785,1,
1,invest_dividend,1488,2026,afnc,สมัครกองทุนผู้สูงอายุแห่งชาติ ได้ที่เพจ Royal Initiative,https://www.antifakenewscenter.com/?p=82910,?,[AI อ่านซ้ำ: เจ้าของตอบ 1 -> ?; กองทุนผู้สูงอายุ ไม่ใช่ลงทุนหุ้น/ปันผลโดยตรง] 
1,invest_dividend,1528,2026,afnc,เปิดลงทะเบียน กองทุนเตรียมความพร้อมสำหรับผู้สูงอายุ ในโครงการพระราชดำริ รับรองโดย ก.ล.ต.,https://www.antifakenewscenter.com/?p=82735,?,[AI อ่านซ้ำ: เจ้าของตอบ 1 -> ?; กองทุนผู้สูงอายุ ไม่ใช่ลงทุนหุ้น/ปันผลโดยตรง] 
2,driving_licence,14741,2021,afnc,ข่าวบิดเบือน ต่อใบขับขี่ ไม่ต้องอบรมที่ขนส่งฯ เข้าเว็บไซต์อบรมออนไลน์ ใส่เลขบัตรประชาชนใครก็ได้,https://www.antifakenewscenter.com/?p=12215,1,
2,driving_licence,9143,2023,afnc,ข่าวปลอม อย่าแชร์! กรมการขนส่งเปิดอบรมออนไลน์ใบขับขี่รถสาธารณะ ผ่านเพจอบรมต่อใบขับขี่ออนไลน์,https://www.antifakenewscenter.com/?p=42349,1,
2,driving_licence,9668,2023,afnc,ข่าวปลอม อย่าแชร์! ทำใบขับขี่ออนไลน์แบบใหม่ผ่านเพจใบการขับรถครบวงจร ของกรมการขนส่งฯ,https://www.antifakenewscenter.com/?p=39895,1,
2,driving_licence,9720,2023,afnc,ข่าวปลอม อย่าแชร์! เพจ DLT Smart Queue เปิดรับทำใบขับขี่ทุกประเภททั่วไทย,https://www.antifakenewscenter.com/?p=39681,1,
2,driving_licence,11119,2023,afnc,ข่าวปลอม อย่าแชร์! กรมขนส่งเปิดอบรมใบขับขี่ออนไลน์ที่บ้าน,https://www.antifakenewscenter.com/?p=32643,1,
2,driving_licence,11330,2023,afnc,ข่าวปลอม อย่าแชร์! เพจ Phuket New Era Expats รับทำใบขับขี่ออนไลน์ โดยขนส่งจังหวัดภูเก็ต,https://www.antifakenewscenter.com/?p=31555,1,
2,driving_licence,5432,2024,afnc,ข่าวปลอม อย่าแชร์! เพจ ครูกร ที่ปรึกษาสอนขับ เปิดรับทำใบขับขี่ออนไลน์ รับรองโดย กรมการขนส่งทางบก,https://www.antifakenewscenter.com/?p=65865,1,
2,driving_licence,6017,2024,afnc,ข่าวปลอม อย่าแชร์! เพจเฟซบุ๊กนางสาวธนัญญา รับเป็นตัวแทนสอบและอบรมทำใบขับขี่อย่างถูกกฎหมายที่ขนส่งฯ,https://www.antifakenewscenter.com/?p=63374,1,
2,driving_licence,6363,2024,afnc,ข่าวปลอม อย่าแชร์! เพจเฟซบุ๊กกนกพร รับทำใบขับขี่ออนไลน์ ไม่ต้องสอบ ไม่ต้องอบรม และถูกต้องตามกฎหมาย,https://www.antifakenewscenter.com/?p=61749,1,
2,driving_licence,6750,2024,afnc,ข่าวปลอม อย่าแชร์! เพจ Bangkok District 3 รับทำใบขับขี่ทุกชนิด ออกโดยขนส่งจริง ทำได้ทุกวัน ทุกจังหวัด,https://www.antifakenewscenter.com/?p=60158,1,
2,driving_licence,7118,2024,afnc,ข่าวปลอม อย่าแชร์! ทำใบขับขี่ออนไลน์ทุกชนิด ไม่ต้องสอบด้วยตนเอง ผ่านทางเพจ อริสา,https://www.antifakenewscenter.com/?p=58375,1,
2,driving_licence,7212,2024,afnc,ข่าวบิดเบือน อบรมออนไลน์หลักสูตร e-Learning สำนักงาน ก.ค.ศ. ฟรี และนำเกียรติบัตรไปใช้ต่อใบประกอบวิชาชีพได้,https://www.antifakenewscenter.com/?p=57976,0,
2,driving_licence,7425,2024,afnc,ข่าวปลอม อย่าแชร์! ทำใบขับขี่ออนไลน์ผ่านเพจ ใบขับขี่ออนไลน์,https://www.antifakenewscenter.com/?p=56123,1,
2,driving_licence,8469,2024,afnc,ข่าวปลอม อย่าแชร์! เปิดทำใบขับขี่ออนไลน์ สำหรับบุคคลที่ไม่มีใบขับขี่ หรือต่ออายุใบขับขี่ ผ่านเพจ Department of Citizenship จากกรมการขนส่ง,https://www.antifakenewscenter.com/?p=51805,1,
2,driving_licence,1863,2025,afnc,ทำใบขับขี่ไม่ใช่เรื่องยาก ผ่านเพจ พงษ์เพชร์ กงพล รับทำใบขับขี่ออนไลน์ถูกกฎหมายแบบครบวงจร,https://www.antifakenewscenter.com/?p=81300,1,
2,driving_licence,1978,2025,afnc,เพจ ประพันธ์ วีระแสง รับทำใบขับขี่ แท้ทุกประเภท ไม่ต้องสอบเองที่ขนส่ง,https://www.antifakenewscenter.com/?p=80820,1,
2,driving_licence,2031,2025,afnc,กรมการขนส่งทางบก เปิดรับทำใบขับขี่ออนไลน์ทุกชนิด ผ่านเพจ รับทำใบขับขี่ของแท้100%,https://www.antifakenewscenter.com/?p=80414,1,
2,driving_licence,2566,2025,afnc,เปิดให้ทำใบขับขี่ออนไลน์ ผ่านเพจ กรมการขนส่งทางบก - รับทำใบขับขี่ทุกชนิด,https://www.antifakenewscenter.com/?p=78352,1,
2,driving_licence,2820,2025,afnc,กรมการขนส่งทางบก รับทำใบขับขี่เร่งด่วน ถูกกฎหมาย ผ่านเพจ Thai driving license service,https://www.antifakenewscenter.com/?p=77270,1,
2,driving_licence,3164,2025,afnc,รับทำใบขับขี่ออนไลน์ ถูกต้องตามกฎหมาย ติดต่อได้ที่เพจ จุฬาลักษณ์,https://www.antifakenewscenter.com/?p=75732,1,
2,driving_licence,4235,2025,afnc,กรมขนส่งทางบกเปิดทำใบอนุญาตขับขี่ออนไลน์ ไม่ต้องไปขนส่ง,https://www.antifakenewscenter.com/?p=71111,1,
2,driving_licence,4738,2025,afnc,เปิดให้ลงทะเบียนทำใบขับขี่ออนไลน์ ปี 2568 บัตรออกจากกรมการขนส่งทางบกโดยตรง ทำได้ทั่วประเทศ ,https://www.antifakenewscenter.com/?p=68777,1,
2,driving_licence,150,2026,afnc,เปิดรับทำใบขับขี่ออนไลน์ผ่าน TikTok สำหรับคนไม่มีเวลาไปอบรมและทดสอบ,https://www.antifakenewscenter.com/?p=88856,1,
2,driving_licence,347,2026,afnc,ทำใบขับขี่ออนไลน์ รับก่อนจ่ายภายหลังได้ ผ่าน TikTok 679wohuf,https://www.antifakenewscenter.com/?p=87959,1,
2,driving_licence,473,2026,afnc,รับทำใบขับขี่ทุกชนิด จองคิวอบรมและสอบ ครบจบในที่เดียว ผ่านเพจ หทัยรัตน์,https://www.antifakenewscenter.com/?p=87413,1,
2,driving_licence,1445,2026,afnc,รับทำใบขับขี่ถูกกฏหมายทุกชนิด ผ่านเพจ DLT สำนักงานขนส่ง รับต่อและทำใบขับขี่-เร่งด่วน,https://www.antifakenewscenter.com/?p=83077,1,
2,driving_licence,1641,2026,afnc,บขส. เปิดเพจเฟซบุ๊กใหม่ เพิ่มช่องทางชำระค่าตั๋วโดยสาร,https://www.antifakenewscenter.com/?p=82238,0,[AI อ่านซ้ำ: เจ้าของตอบ 1 -> 0; เพจชำระค่าตั๋ว บขส. ไม่ใช่ทางลัดทำใบขับขี่] 
2,driving_licence,1776,2026,afnc,เปิดให้ทำใบขับขี่ออนไลน์ ไม่ต้องมาสอบเอง ผ่านบัญชี TikTok @mr.thanakornkanchanaman,https://www.antifakenewscenter.com/?p=81625,1,
2,driving_licence,1822,2026,afnc,ทำใบขับขี่ออนไลน์ถูกกฎหมาย ได้ที่เพจ ณัฐวุฒิ รับทำใบขับขี่ทุกชนิด,https://www.antifakenewscenter.com/?p=81447,1,
2,driving_licence,28025,2026,cofact,“มอเตอร์เวย์ M6 มีระบบชาร์จไฟฟ้าแบบไร้สายใต้ผิวทางเป็นระยะทาง 3 กม.” เป็นเนื้อหาเท็จ,https://blog.cofact.org/th/fact-check-m6-23062026/,0,[AI อ่านซ้ำ: เจ้าของตอบ 1 -> 0; มอเตอร์เวย์ M6 ไม่เกี่ยวกับใบขับขี่] 
4,virus_prevent_cure,15832,2020,afnc,ข่าวปลอม อย่าแชร์! ฆ่าเชื้อโควิด-19 ด้วยการกินผลไม้ที่มีฤทธิ์เป็นด่าง,https://www.antifakenewscenter.com/?p=5972,1,
4,virus_prevent_cure,16045,2020,afnc,ข่าวบิดเบือน อย่าแชร์! กระเทียมไทย ช่วยต้านไวรัสโควิด-19,https://www.antifakenewscenter.com/?p=4766,1,
4,virus_prevent_cure,16072,2020,afnc,ข่าวปลอม อย่าแชร์! กาแฟสารสกัดจากธรรมชาติ ต้านโควิด-19,https://www.antifakenewscenter.com/?p=4572,1,
4,virus_prevent_cure,16095,2020,afnc,ข่าวบิดเบือน อย่าแชร์! สมุนไพรไทย ต้านไวรัสโควิด-19,https://www.antifakenewscenter.com/?p=4432,1,
4,virus_prevent_cure,16112,2020,afnc,ข่าวปลอม อย่าแชร์! น้ำกระเทียมคั้นสด รักษาโควิด-19,https://www.antifakenewscenter.com/?p=4306,1,
4,virus_prevent_cure,16492,2020,afnc,ข่าวปลอม อย่าแชร์! สูตรสมุนไพรในการรักษาผู้ติดเชื้อไวรัสโคโรนา ให้หายเป็นปกติ,https://www.antifakenewscenter.com/?p=1756,1,
4,virus_prevent_cure,17032,2020,afp,ผู้เชี่ยวชาญด้านสุขภาพระบุว่าไม่มีหลักฐานยืนยันว่าการบริโภคอาหารที่มีค่าเป็นด่างจะสามารถป้องกันหรือรักษาโรคโควิด-19 ได้,https://factcheckthailand.afp.com/phuuechiiywchaaydaansukhphaaphrabuwaaaimmiihlakthaanyuuenyanwaakaarbriophkhaahaarthiimiikhaaepndaang,1,
4,virus_prevent_cure,25094,2020,sure_share,สูตรยาของ “คุณหมอเครางาม” รักษาโควิด-19 จริงหรือ ? | ความจริง-โควิด | ชัวร์ก่อนแชร์ FACTSHEET,https://www.youtube.com/watch?v=ubGs0RTP9Go,1,
4,virus_prevent_cure,25116,2020,sure_share,กินกล้วยช่วยป้องกันโควิด-19 จริงหรือ ? | ความจริง-โควิด | ชัวร์ก่อนแชร์,https://www.youtube.com/watch?v=_dkWLYgRIJE,1,
4,virus_prevent_cure,25118,2020,sure_share,ดื่มน้ำเยอะ ๆ กลั้วคอขจัดไวรัส ป้องกัน COVID-19 จริงหรือ ? | ความจริง-โควิด | FACTSHEET,https://www.youtube.com/watch?v=pS5Ba_uaysQ,1,
4,virus_prevent_cure,25169,2020,sure_share,ตำรับยาจีนป้องกันไวรัสโคโรนาได้จริงหรือ? | ความจริง-โควิด | ชัวร์ก่อนแชร์ FACTSHEET,https://www.youtube.com/watch?v=C6h7pRLzOdw,1,
4,virus_prevent_cure,14537,2021,afnc,ข่าวปลอม อย่าแชร์! ผลิตภัณฑ์กระชายขาว ตรา BioProud กินแล้วเชื้อโควิด-19 ไม่ลงปอด,https://www.antifakenewscenter.com/?p=13419,1,
4,virus_prevent_cure,14805,2021,afnc,ข่าวปลอม อย่าแชร์! ลูกอมรสกระชายผสม ZINC สามารถต้านโควิด-19 ได้,https://www.antifakenewscenter.com/?p=11833,1,
4,virus_prevent_cure,15127,2021,afnc,ข่าวปลอม อย่าแชร์! คลิปเสียงคณบดีศิริราชแนะนำให้ผู้ติดเชื้อโควิด-19 กินยาฆ่าเชื้อ และน้ำขิงแก่ รักษาโควิด-19 หายได้ใน 3 วัน,https://www.antifakenewscenter.com/?p=9962,1,
4,virus_prevent_cure,15164,2021,afnc,ข่าวปลอม อย่าแชร์! ตรวจการติดเชื้อโควิด-19 ง่ายๆ ด้วยตัวเอง โดยการกลั้นหายใจ เช็กอาการไอ-แน่นหน้าอก,https://www.antifakenewscenter.com/?p=9748,0,[AI อ่านซ้ำ: เจ้าของตอบ 1 -> 0; เรื่องการตรวจ ไม่ใช่ป้องกัน/รักษา] 
4,virus_prevent_cure,15168,2021,afnc,ข่าวปลอม อย่าแชร์! สามารถสั่งซื้อชุดตรวจโควิด-19 แบบ Rapid Test ทางออนไลน์ มาตรวจเองได้แล้ว,https://www.antifakenewscenter.com/?p=9727,0,[AI อ่านซ้ำ: เจ้าของตอบ 1 -> 0; เรื่องการตรวจ ไม่ใช่ป้องกัน/รักษา] 
4,virus_prevent_cure,15452,2021,afnc,ข่าวปลอม อย่าแชร์! วิธีป้องกันโควิด-19 ด้วยการรักษาความชุ่มชื้นของเยื่อเมือกลำคอ,https://www.antifakenewscenter.com/?p=8005,1,
4,virus_prevent_cure,15460,2021,afnc,ข่าวปลอม อย่าแชร์! รักษาโควิด-19 ด้วยตนเองง่ายๆ แค่รับประทานยาแอสไพริน,https://www.antifakenewscenter.com/?p=7971,1,
4,virus_prevent_cure,24159,2021,sure_share,CDS คลอรีนไดออกไซด์ รักษาโควิด จริงหรือ ?,https://www.youtube.com/watch?v=3U_s8cTdK3k,1,
4,virus_prevent_cure,24468,2021,sure_share,5 ยาและอุปกรณ์ทีควรซื้อตุนไว้ช่วงโควิดระบาด จริงหรือ ?,https://www.youtube.com/watch?v=m0rcZ3U41LY,1,
4,virus_prevent_cure,11954,2022,afnc,ข่าวปลอม อย่าแชร์! อวัยวะเพศชายสั้นลงหลังหายจากการติดเชื้อโควิด 19,https://www.antifakenewscenter.com/?p=28654,0,[AI อ่านซ้ำ: เจ้าของตอบ 1 -> 0; ผลหลังหายจากโควิด ไม่ใช่ป้องกัน/รักษา/ฆ่าเชื้อ] 
4,virus_prevent_cure,12391,2022,afnc,ข่าวปลอม อย่าแชร์! รายชื่อยาทั้ง 6 ชนิด ที่ควรซื้อติดบ้านไว้รักษาโควิด 19 ด้วยตัวเอง,https://www.antifakenewscenter.com/?p=26525,1,
4,virus_prevent_cure,12867,2022,afnc,ข่าวปลอม อย่าแชร์! ผลิตภัณฑ์ Innertive Plus ช่วยรักษาอาการอ่อนเพลียเรื้อรังจากอาการลองโควิด,https://www.antifakenewscenter.com/?p=24277,1,
4,virus_prevent_cure,13148,2022,afnc,ข่าวปลอม อย่าแชร์! ผลิตภัณฑ์ ยาอมกระชายขาว พญาเฮิร์บ สามารถช่วยดักจับ ฆ่าเชื้อไวรัส ไม่ให้เชื้อโรคลงปอดได้ 99.99%,https://www.antifakenewscenter.com/?p=22916,1,
4,virus_prevent_cure,13194,2022,afnc,ข่าวบิดเบือน ใช้ยาฟาวิพิราเวียร์รักษาผู้ป่วยโควิด 19 ทุกราย,https://www.antifakenewscenter.com/?p=22714,1,
4,virus_prevent_cure,13357,2022,afnc,ข่าวปลอม อย่าแชร์! ป้องกันโควิด 19 ด้วยผ้าอนามัยประกบกับหน้ากาก,https://www.antifakenewscenter.com/?p=21943,1,
4,virus_prevent_cure,13613,2022,afnc,ข่าวปลอม อย่าแชร์! วิธีการทำเครื่องดื่ม CDS (Chlorine Dioxide Solution) สามารถกำจัดเชื้อไวรัสได้ทุกชนิด,https://www.antifakenewscenter.com/?p=20599,1,
4,virus_prevent_cure,13701,2022,afnc,ข่าวปลอม อย่าแชร์! ผลิตภัณฑ์ Cannamin Crown สมุนไพรสูตรต่อต้านไวรัสโควิด 19,https://www.antifakenewscenter.com/?p=20140,1,
4,virus_prevent_cure,9330,2023,afnc,ข่าวปลอม อย่าแชร์! อวัยวะเพศชายสั้นลงหลังหายจากการติดเชื้อโควิด 19,https://www.antifakenewscenter.com/?p=41478,0,[AI อ่านซ้ำ: เจ้าของตอบ 1 -> 0; ผลหลังหายจากโควิด ไม่ใช่ป้องกัน/รักษา/ฆ่าเชื้อ] 
4,virus_prevent_cure,9911,2023,afnc,ข่าวปลอม อย่าแชร์! ยุงสามารถแพร่เชื้อโรคโควิด 19,https://www.antifakenewscenter.com/?p=38723,0,[AI อ่านซ้ำ: เจ้าของตอบ 1 -> 0; เรื่องการแพร่เชื้อ ไม่ใช่ป้องกัน/รักษา] 
7,infection_outbreak,15614,2020,afnc,ข่าวปลอม อย่าแชร์! มาตรการงดเดินทางไปยังพื้นที่เสี่ยง โควิด-19 เริ่ม 4 ธ.ค. 63 นี้,https://www.antifakenewscenter.com/?p=7140,0,[AI อ่านซ้ำ: เจ้าของตอบ 1 -> 0; มาตรการเดินทาง ไม่ใช่ข่าวพบผู้ติดเชื้อ] 
7,infection_outbreak,15823,2020,afnc,ข่าวปลอม อย่าแชร์! คลิปเสียงแพทย์หญิง ระบุห้างดังย่านพระราม9 สนามบิน และจ.ภูเก็ต มีผู้ติดโควิด-19,https://www.antifakenewscenter.com/?p=6022,1,
7,infection_outbreak,16228,2020,afnc,ข่าวปลอม อย่าแชร์! พนักงานธนาคารกรุงไทย สาขาโชคชัย 4 ติดเชื้อ COVID-19,https://www.antifakenewscenter.com/?p=3591,1,
7,infection_outbreak,16279,2020,afnc,ข่าวปลอม อย่าแชร์! พบผู้ติดเชื้อ COVID-19 ที่โรงพยาบาลในจังหวัดพังงา จำนวน 2 ราย,https://www.antifakenewscenter.com/?p=3244,1,
7,infection_outbreak,16282,2020,afnc,ข่าวปลอม อย่าแชร์! ตลาดค้าส่งชื่อดังในจังหวัดปทุมธานี มีผู้ติดเชื้อ COVID-19 เสียชีวิตแล้ว 2 ราย,https://www.antifakenewscenter.com/?p=3219,1,
7,infection_outbreak,16283,2020,afnc,ข่าวปลอม อย่าแชร์! สถานที่อันตราย เสี่ยงติดเชื้อ COVID-19,https://www.antifakenewscenter.com/?p=3189,1,
7,infection_outbreak,16320,2020,afnc,ข่าวปลอม อย่าแชร์! พบผู้ติดเชื้อ COVID-19 ที่หมู่บ้านในจังหวัดสมุทรปราการ แต่ปิดข่าว,https://www.antifakenewscenter.com/?p=2845,1,
7,infection_outbreak,16333,2020,afnc,ข่าวปลอม อย่าแชร์! พบผู้เสียชีวิต 1 ราย จาก COVID-19 ในจังหวัดนครศรีธรรมราช,https://www.antifakenewscenter.com/?p=2748,1,
7,infection_outbreak,16345,2020,afnc,ข่าวปลอม อย่าแชร์! พบผู้ติดเชื้อ COVID-19 ที่โรงเรียนแห่งหนึ่งในจังหวัดเพชรบูรณ์,https://www.antifakenewscenter.com/?p=2676,1,
7,infection_outbreak,16356,2020,afnc,ข่าวปลอม อย่าแชร์! พบผู้ต้องสงสัยติดเชื้อไวรัส COVID-19  เจ้าหน้าที่ได้หามตัวออกจากร้านสะดวกซื้อ ที่เขตป้อมปราบศัตรูพ่าย,https://www.antifakenewscenter.com/?p=2608,1,
7,infection_outbreak,16382,2020,afnc,ข่าวปลอม อย่าแชร์! พบผู้ติดเชื้อไวรัส COVID-19 ที่จังหวัดบุรีรัมย์ 20 ราย,https://www.antifakenewscenter.com/?p=2474,1,
7,infection_outbreak,16408,2020,afnc,ข่าวปลอม อย่าแชร์! รพ.ย่านพัฒนาการ มีผู้ติดเชื้อ COVID-19 แล้ว 2 ราย,https://www.antifakenewscenter.com/?p=2325,1,
7,infection_outbreak,16496,2020,afnc,ข่าวปลอม อย่าแชร์! ‘ไข้หวัดหมู’ ระบาดหนักในไต้หวัน ติดเชื้อเสียชีวิตกว่า 50 คนใน 3 เดือน,https://www.antifakenewscenter.com/?p=1739,1,
7,infection_outbreak,16509,2020,afnc,ข่าวปลอม อย่าแชร์! พบผู้ป่วยติดเชื้อไวรัสโคโรนา ที่รพ.ในจังหวัดกาญจนบุรี,https://www.antifakenewscenter.com/?p=1680,1,
7,infection_outbreak,16533,2020,afnc,ข่าวปลอม อย่าแชร์! เชื้อ H3N2 ระบาดถึงเชียงใหม่ ‘ไวรัสโคโรนา” ตัวใหม่จากอู่ฮั่น,https://www.antifakenewscenter.com/?p=1522,1,
7,infection_outbreak,16919,2020,afp,วิดีโอนี้เป็นฉากจากละครของประเทศเม็กซิโกที่ออกอากาศในปี 2553,https://factcheckthailand.afp.com/video-actually-shows-scene-from-2010-mexican-drama-th,?,[AI อ่านซ้ำ: เจ้าของตอบ 1 -> ?; ชื่อไม่บอกข้ออ้าง ต้องเปิดต้นทาง] 
7,infection_outbreak,24699,2020,sure_share,เตือนไวรัส H3N2 และ วิธีดูแลป้องกันตัวเองจากไข้หวัดใหญ่ จริงหรือ ?,https://www.youtube.com/watch?v=XQIjaqcnzSA,1,
7,infection_outbreak,25204,2020,sure_share,ไข้หวัดใหญ่สายพันธุ์ใหม่ระบาดรุนแรง จริงหรือ?,https://www.youtube.com/watch?v=YYULyE4mP4w,1,
7,infection_outbreak,14308,2021,afnc,ข่าวปลอม อย่าแชร์! จ.เชียงใหม่ พบนักศึกษา ม.เชียงใหม่ ติดเชื้อโควิด 19 จำนวนมาก ทำให้ทุกพื้นที่ของเชียงใหม่เสี่ยงหมด,https://www.antifakenewscenter.com/?p=14711,1,
7,infection_outbreak,14356,2021,afnc,ข่าวบิดเบือน จ.ภูเก็ต ยกเลิกขอผลตรวจโควิด-19 และยกเลิกลงทะเบียนแจ้งข้อมูลเดินทางแบบออนไลน์,https://www.antifakenewscenter.com/?p=15452,0,[AI อ่านซ้ำ: เจ้าของตอบ 1 -> 0; มาตรการตรวจ/ลงทะเบียน ไม่ใช่ข่าวพบผู้ติดเชื้อ] 
7,infection_outbreak,14491,2021,afnc,ข่าวปลอม อย่าแชร์! โควิด19 สายพันธุ์แลมบ์ดาระบาดหนักในเขตมีนบุรี หมอประสิทธิ์ ขอให้ประชาชนล็อกดาวน์ตัวเอง,https://www.antifakenewscenter.com/?p=15323,1,
7,infection_outbreak,14865,2021,afnc,ข่าวปลอม อย่าแชร์! ตำรวจ สภ.พุทธมณฑล ติดเชื้อโควิด-19 ทั้งโรงพัก,https://www.antifakenewscenter.com/?p=11481,1,
7,infection_outbreak,15122,2021,afnc,ข่าวปลอม อย่าแชร์! พบพนักงานแม็กซ์แวลู สาขานวมินทร์ ติดเชื้อโควิด-19 จำนวน 10 ราย,https://www.antifakenewscenter.com/?p=9992,1,
7,infection_outbreak,11697,2022,afnc,"ข่าวบิดเบือน จังหวัดชลบุรีพบผู้ติดเชื้อโควิด 19 วันละ 11,000 ราย",https://www.antifakenewscenter.com/?p=29866,1,
7,infection_outbreak,8320,2024,afnc,ข่าวบิดเบือน นักวิทย์จีนทดลองไวรัสโคโรนาตัวใหม่ในหนู เชื้อรุนแรงทำลายสมองโดยตรง อัตราการตายถึง 100%,https://www.antifakenewscenter.com/?p=52404,0,[AI อ่านซ้ำ: เจ้าของตอบ 1 -> 0; ผลทดลองไวรัสในหนู ไม่ใช่การพบผู้ติดเชื้อ] 
7,infection_outbreak,2019,2025,afnc,พบผู้ป่วยโรคไข้ฉี่หนูในหาดใหญ่ ประมาณ 150 ราย และมีผู้เสียชีวิต 1 ราย,https://www.antifakenewscenter.com/?p=80651,1,
7,infection_outbreak,1012,2026,afnc,Cicada โควิดสายพันธุ์ใหม่ ไวรัสจากจิ้งหรีด พบแล้วอย่างน้อยใน 23 ประเทศ,https://www.antifakenewscenter.com/?p=85047,1,
7,infection_outbreak,1523,2026,afnc,พบผู้ติดเชื้อ HIV ในพื้นที่ ต.ตับเต่า อ.เทิง จ.เชียงราย จำนวน 80 คน,https://www.antifakenewscenter.com/?p=82762,1,
7,infection_outbreak,26793,2026,thaipbs,โพสต์อ้างภาพหลุมฝังศพที่ถูกแชร์ในโลกออนไลน์ เป็นภาพสุสานผู้ป่วยโควิด-19 ในอินโดนีเซีย ตรวจสอบแล้วแท้จริงเป็นภาพที่สื่ออิหร่านเผยแพร่,https://www.thaipbs.or.th/verify/content/9594,?,[AI อ่านซ้ำ: เจ้าของตอบ 1 -> ?; ภาพสุสานผู้ป่วยโควิด ไม่ใช่รายงานพบผู้ติดเชื้อโดยตรง] 
7,infection_outbreak,26819,2026,thaipbs,โพสต์อ้าง “ไวรัสนิปาห์” โผล่ศิริราช-จันทบุรี กรมควบคุมโรคยัน ไทยยังไม่พบผู้ป่วย,https://www.thaipbs.or.th/verify/content/9056,1,
11,victim_refund,5661,2024,afnc,"ข่าวปลอม อย่าแชร์! ลงทะเบียนยื่นสิทธิ์รับเงินคืน ผ่านเพจ Human assistance organization, online anti-C.rruption",https://www.antifakenewscenter.com/?p=64789,1,
11,victim_refund,6134,2024,afnc,ข่าวปลอม อย่าแชร์! เหยื่อคอลเซ็นเตอร์ลงทะเบียนคุ้มครองสิทธิเพื่อรับเงินคืนได้ ผ่านทางเพจหน่วยงานต่อต้านภัยสังคม ทางเทคโนโลยี,https://www.antifakenewscenter.com/?p=62797,1,
11,victim_refund,6268,2024,afnc,ข่าวปลอม อย่าแชร์! ปปง. ประกาศอายัดทรัพย์แก๊งคนร้าย เปิดรับคำร้องขอคุ้มครองสิทธิผู้เสียหาย,https://www.antifakenewscenter.com/?p=62197,1,
11,victim_refund,6453,2024,afnc,ข่าวปลอม อย่าแชร์! กระทรวงยุติธรรมเปิดเพจเฟซบุ๊ก รับแจ้งเรื่องคดีออนไลน์ต่างๆและลงทะเบียนยืนรับทรัพย์สินคืน,https://www.antifakenewscenter.com/?p=61377,1,
11,victim_refund,6792,2024,afnc,ข่าวปลอม อย่าแชร์! ปปง. เปิดให้ลงทะเบียนรับเงินคืน ผ่านเพจศูนย์ช่วยเหลือและจัดการปัญหาออนไลน์ AOC,https://www.antifakenewscenter.com/?p=59834,1,
11,victim_refund,6805,2024,afnc,ข่าวปลอม อย่าแชร์! กระทรวงยุติธรรมเปิดเพจ Rescue crime เพื่อแจงขั้นตอน ยื่นคุ้มครองสิทธิ ขอเงินคืน,https://www.antifakenewscenter.com/?p=59778,1,
11,victim_refund,2230,2025,afnc,เจ้าหน้าที่รัฐส่งเอกสารให้จ่ายค่าดำเนินการ เพื่อติดตามเงินคืนผู้เสียหาย,https://www.antifakenewscenter.com/?p=79802,1,
11,victim_refund,2294,2025,afnc,ปปง. เปิดบัญชีไลน์ ไอดี pcty ให้ผู้เสียหายติดต่อขอรับเงินที่ถูกหลอกลวงออนไลน์คืน,https://www.antifakenewscenter.com/?p=79514,1,
11,victim_refund,2719,2025,afnc,ปปง. เปิดให้เหยื่อแก๊งคอลเซ็นเตอร์ยื่นคำร้องรับเงินคืน ผ่านเพจ Suppression Committee ,https://www.antifakenewscenter.com/?p=77702,1,
11,victim_refund,2776,2025,afnc,กระทรวงยุติธรรม เปิดให้ผู้เสียหายลงทะเบียนรับเงินคืน ที่เพจ The Ministry of Justice stands with the people,https://www.antifakenewscenter.com/?p=77467,1,
11,victim_refund,2890,2025,afnc,ปปง. เปิดบัญชีไลน์ AMLO official รับลงทะเบียนคืนเงินให้ผู้เสียหาย,https://www.antifakenewscenter.com/?p=76947,1,
11,victim_refund,3159,2025,afnc,ปปง. เปิดให้ลงทะเบียนขอทรัพย์สินคืนจากมิจฉาชีพ ผ่านเพจ Online Crime Assistance Agency.,https://www.antifakenewscenter.com/?p=75770,1,
11,victim_refund,3187,2025,afnc,ปปง. เปิดให้ลงทะเบียนขอทรัพย์สินคืนจากมิจฉาชีพ ผ่านเพจ Victim screening office,https://www.antifakenewscenter.com/?p=75647,1,
11,victim_refund,3435,2025,afnc,ปปง. เปิดช่องทางออนไลน์ให้ลงทะเบียนรับเงินคืน ผ่านเพจ Help and prevent online scams,https://www.antifakenewscenter.com/?p=74505,1,
11,victim_refund,3474,2025,afnc,ปปง. ร่วมกับ CIB เปิดโอกาสให้ผู้เสียหาย ลงทะเบียนขอสิทธิคุ้มครองรับเงินคืน ผ่านเพจ Alf Zulauf,https://www.antifakenewscenter.com/?p=74329,1,
11,victim_refund,3577,2025,afnc,ปปง. คืนเงินให้ผู้เสียหายจากแก๊งคอลเซ็นเตอร์ ติดต่อผ่านเพจ Stop the investigation,https://www.antifakenewscenter.com/?p=73877,1,
11,victim_refund,3934,2025,afnc,กระทรวงมหาดไทย เปิดเพจ Return the rights to the injured party,https://www.antifakenewscenter.com/?p=72343,1,
11,victim_refund,4048,2025,afnc,ปปง. เปิดลงทะเบียนรับเงินคืนคดีโกง ผ่านเพจ “ข่าวประจำวัน”,https://www.antifakenewscenter.com/?p=71884,1,
11,victim_refund,4204,2025,afnc,ปปง. เฉลี่ยเงินคืนผู้เสียหาย จากการถูกแก๊งคอลเซ็นเตอร์หลอก ติดต่อที่เพจ Suppressing human trafficking in ASEAN,https://www.antifakenewscenter.com/?p=71251,1,
11,victim_refund,4261,2025,afnc,ปปง. เปิดให้ผู้เสียหายคดีหลอกลงทุน ฉ้อโกง ลงทะเบียนรับสิทธิเฉลี่ยทรัพย์คืน ผ่านเพจ Citizens for social development,https://www.antifakenewscenter.com/?p=71001,1,
11,victim_refund,4600,2025,afnc,ปฏิบัติการทลายแก๊งคอลฯ ข้ามชาติ เปิดให้เหยื่อเฉลี่ยทรัพย์คืนผ่านเฟซบุ๊ก,https://www.antifakenewscenter.com/?p=69367,1,
11,victim_refund,4795,2025,afnc,ปปง. เปิดให้ผู้เสียหายจากแก๊งคอลเซ็นเตอร์ ลงทะเบียนรับเงินคืนผ่านเพจเฟซบุ๊ก,https://www.antifakenewscenter.com/?p=68536,1,
11,victim_refund,5050,2025,afnc,กระทรวงยุติธรรม เปิดยื่นสิทธิรับเงินคืนจากอาชญากรรมออนไลน์ ผ่านเพจ The country's Ministry of Justice ,https://www.antifakenewscenter.com/?p=67479,1,
11,victim_refund,675,2026,afnc,ปปง. เปิดลงทะเบียนรับเงินคืนจากมิจฉาชีพ ผ่านไลน์ @531vyley,https://www.antifakenewscenter.com/?p=86576,1,
11,victim_refund,1035,2026,afnc,รัฐบาลออกกฎหมายใหม่ ให้ธนาคารคืนเงินผู้เสียหายจากมิจฉาชีพ ผ่านเพจ ศูนย์เตือนภัยโซเชียล,https://www.antifakenewscenter.com/?p=84927,1,
11,victim_refund,1323,2026,afnc,บก.สอท.2 เปิดให้ประชาชนติดต่อสอบถามข้อมูลการเอายอดเสียหายคืน ผ่านเพจ OpenView News,https://www.antifakenewscenter.com/?p=83613,1,
11,victim_refund,1515,2026,afnc,กระทรวงดิจิทัลฯ เปิดเพจเฟซบุ๊ก กระทรวงยุติธรรมด้านดิจิทัลและเทคโนโลยี เพื่อรับแจ้งเรื่องขอรับเงินคืน,https://www.antifakenewscenter.com/?p=82788,1,
11,victim_refund,1562,2026,afnc,ปปง. ยึดทรัพย์จากแก๊งคอลเซ็นเตอร์ เฉลี่ยคืนเงินให้ผู้เสียหายจากการหลอกลงทุน ผ่านเพจ Office of Online Crime Reporting,https://www.antifakenewscenter.com/?p=82614,1,
11,victim_refund,1777,2026,afnc,ปปง. ยึดทรัพย์สแกมเมอร์ ยอดรวมเกิน 650 ล้านบาท เปิดช่องทางลงทะเบียนผู้ได้รับผลกระทบ ผ่านเพจ Follow the news online,https://www.antifakenewscenter.com/?p=81528,1,
11,victim_refund,1850,2026,afnc,ปปง. ร่วมกับดีอี เปิดลงทะเบียนรับสิทธิ์ยกเงินที่ยึดจากบัญชีม้ามาให้ผู้เสียหายจากมิจฉาชีพได้ที่ เพจ Mortality 55,https://www.antifakenewscenter.com/?p=81272,1,
18,vaccine,25074,2020,sure_share,ฉีดวัคซีนไข้หวัดใหญ่ เพิ่มความเสี่ยงติดโควิด-19 จริงหรือ ? | ความจริง-โควิด ชัวร์ก่อนแชร์ FACTSHEET,https://www.youtube.com/watch?v=NfdDmuQ_zF8,1,
18,vaccine,14277,2021,afnc,ข่าวปลอม อย่าแชร์! เลือดของผู้ที่ฉีดวัคซีนโควิดมีสีดำคล้ำ ไม่สามารถนำไปใช้รักษาผู้ป่วยได้,https://www.antifakenewscenter.com/?p=14876,1,
18,vaccine,14954,2021,afnc,ข่าวปลอม อย่าแชร์! ผู้ป่วยหลังฉีดวัคซีนโควิด-19 แล้วได้รับการฉีดยาชาทำฟัน มีอาการเส้นเลือดตีบที่สมองและหัวใจ รักษาตัวที่สถาบันประสาทวิทยา,https://www.antifakenewscenter.com/?p=10980,1,
18,vaccine,14975,2021,afnc,ข่าวปลอม อย่าแชร์! ฉีดวัคซีนโควิด-19 ไม่เกิน 1 เดือน ห้ามฉีดยาชา,https://www.antifakenewscenter.com/?p=10861,1,
18,vaccine,15053,2021,afnc,ข่าวปลอม อย่าแชร์! แพทย์ทั่วโลกออกคำเตือนเร่งด่วน ห้ามรับวัคซีนโควิด-19 เพราะอันตรายต่อร่างกาย,https://www.antifakenewscenter.com/?p=10412,1,
18,vaccine,15057,2021,afnc,ข่าวปลอม อย่าแชร์! บุคคลใดไม่ฉีดวัคซีนโควิด-19 จะกลายเป็นบุคคลต้องห้ามของสังคม,https://www.antifakenewscenter.com/?p=10379,1,
18,vaccine,17197,2021,afp,คำกล่าวอ้างที่ทำให้เข้าใจผิดถูกแชร์ออนไลน์ว่านิวยอร์กไทมส์จัดอันดับให้วัคซีนของประเทศจีนเป็นวัคซีนโควิด-19 ที่ปลอดภัยที่สุด,https://factcheckthailand.afp.com/misleading-posts-circulate-online-claiming-nyt-deutsche-welle-endorsed-chinas-covid-19-vaccines-th,1,
18,vaccine,24191,2021,sure_share,ฉีดวัคซีนโควิด ทำให้เลือดดำคล้ำเป็นพิษ บริจาคโลหิตไม่ได้ จริงหรือ ?,https://www.youtube.com/watch?v=gEK1T44He9c,1,
18,vaccine,11548,2022,afnc,ข่าวปลอม อย่าแชร์! เลือดของผู้ที่ฉีดวัคซีนโควิด 19 มีสีดำคล้ำ ไม่สามารถนำไปใช้รักษาผู้ป่วยได้,https://www.antifakenewscenter.com/?p=30548,1,
18,vaccine,12508,2022,afnc,ข่าวปลอม อย่าแชร์! รับวัคซีนเข็ม 4 แบบแปะฉีดตัวเองที่บ้าน จะกลายเป็นคนติดยา,https://www.antifakenewscenter.com/?p=26006,1,
18,vaccine,12932,2022,afnc,ข่าวปลอม อย่าแชร์! ฉีดวัคซีนโควิด 19 ไม่เกิน 1 เดือน ห้ามฉีดยาชา,https://www.antifakenewscenter.com/?p=23977,1,
18,vaccine,13333,2022,afnc,ข่าวปลอม อย่าแชร์! หากฉีดวัคซีนเข็มกระตุ้น ไม่สามารถป้องกัน BA.2 ได้มากกว่า BA.1,https://www.antifakenewscenter.com/?p=22043,1,
18,vaccine,13756,2022,afnc,ข่าวปลอม อย่าแชร์! ควรหยุดฉีดวัคซีนโควิด 19 เพราะจะทำให้เสียชีวิตได้,https://www.antifakenewscenter.com/?p=19662,1,
18,vaccine,13821,2022,afnc,ข่าวปลอม อย่าแชร์! ฉีดวัคซีนโควิด 19 ทำให้ผู้หญิงมดลูกมีปัญหา มีลูกยาก ส่วนผู้ชายทำให้เป็นหมัน,https://www.antifakenewscenter.com/?p=19040,1,
18,vaccine,23892,2022,sure_share,วัคซีนเข็มกระตุ้น ทำให้ภูมิคุ้มกันเข้าข้างไวรัส จริงหรือ ?,https://www.youtube.com/watch?v=5G0hGl3oC5I,1,
18,vaccine,5394,2024,afnc,ข่าวบิดเบือน คนที่ฉีดวัคซีนโควิด 19 แล้ว ห้ามออกกำลังกายหนัก จะทำให้หัวใจวาย และหยุดเต้นแบบเฉียบพลัน,https://www.antifakenewscenter.com/?p=65996,1,
18,vaccine,16849,2024,afp,โพสต์เท็จเชื่อมโยงการป่วยด้วยโรคมะเร็งของเคท มิดเดิลตัน เจ้าหญิงแห่งเวลส์ ว่าเกี่ยวข้องกับการฉีดวัคซีนป้องกันโควิด-19,https://factcheckthailand.afp.com/doc.afp.com.34NE4WY,1,
18,vaccine,20215,2024,sure_share,วัคซีนโควิดจะก่อมะเร็งใน 5 ปี ทำให้เกิดโรคกล้ามเนื้อหัวใจ จริงหรือ ?  #ชัวร์ก่อนแชร์ #shorts,https://www.youtube.com/watch?v=IQOL0b_lUMA,1,
18,vaccine,20471,2024,sure_share,Pfizer ไม่เปิดเผยผลการทดลองวัคซีน ในเด็กจนถึงปี 2026 จริงหรือ ? | ชัวร์ก่อนแชร์ LIVE Retrovert,https://www.youtube.com/watch?v=dfgdLSoYjqs,1,
18,vaccine,20532,2024,sure_share,แพทย์ไทย - เยอรมัน เตือนวัคซีนโควิด ไม่ได้ผลแถมอันตราย จริงหรือ ?  | ชัวร์ก่อนแชร์ LIVE Retrovert,https://www.youtube.com/watch?v=rLDVXqpoI-Y,1,
18,vaccine,20536,2024,sure_share,หมอใหญ่เผยวัคซีนโควิดอันตราย - สวมหน้ากากเสี่ยงมะเร็ง จริงหรือ ? | ชัวร์ก่อนแชร์ LIVE Retrovert,https://www.youtube.com/watch?v=EdZnT2m3hn0,1,
18,vaccine,20712,2024,sure_share,วัคซีนโควิด เสี่ยงทำให้เกิดภาวะ ADE ที่อันตรายถึงชีวิต จริงหรือ ?  | ชัวร์ก่อนแชร์LIVE Retrovert,https://www.youtube.com/watch?v=KBhkB5Y8HBs,1,
18,vaccine,20799,2024,sure_share,วัคซีน Sinovac ทำให้เป็นโรคระบบประสาท GBS จริงหรือ ? | ชัวร์ก่อนแชร์ LIVE Retrovert,https://www.youtube.com/watch?v=_OvBsBB-CzQ,1,
18,vaccine,20894,2024,sure_share,วัคซีนโควิด ทำให้กล้ามเนื้อหัวใจอักเสบ-อุดตัน จริงหรือ ?,https://www.youtube.com/watch?v=IrpdIHnzN5M,1,
18,vaccine,21022,2024,sure_share,วัคซีน AstraZeneca มีสารพันธุกรรมของไวรัส HIV-1 จริงหรือ ? | ชัวร์ก่อนแชร์ LIVE Retrovert,https://www.youtube.com/watch?v=BxnzveqOjnQ,1,
18,vaccine,21067,2024,sure_share,วัคซีน Pfizer ไม่น่าเชื่อถือ เพราะเคยขายยาที่มีสารก่อมะเร็ง จริงหรือ ? | ชัวร์ก่อนแชร์LIVE Retrovert,https://www.youtube.com/watch?v=UVrKPmKoMzk,1,
18,vaccine,21104,2024,sure_share,ผู้ป่วยมะเร็งในสเปนเพิ่มขึ้น เพราะวัคซีนโควิด จริงหรือ ? | ชัวร์ก่อนแชร์ LIVE Retrovert,https://www.youtube.com/watch?v=liWGhEenv5Y,1,
18,vaccine,16901,2025,afp,โพสต์เท็จอ้างว่าไฟเซอร์เปิดเผยผลข้างเคียงของวัคซีนโควิด,https://factcheckthailand.afp.com/doc.afp.com.372A9PM,1,
18,vaccine,1377,2026,afnc,วัคซีน mRNA มีไวรัส SV40 ปนเปื้อน,https://www.antifakenewscenter.com/?p=83376,1,
18,vaccine,28860,2026,thaipbs,ฉีดวัคซีน AstraZeneca มาหลายปี เสี่ยงเกิดลิ่มเลือดอุดตัน ?,https://www.thaipbs.or.th/verify/content/15304,1,
6,border_military,14799,2021,afnc,ข่าวปลอม อย่าแชร์! พบเด็กอาชีวะถูกยิงเสียชีวิต จากการร่วมชุมนุมม็อบ10 สิงหา,https://www.antifakenewscenter.com/?p=11868,0,
6,border_military,27474,2023,cofact,คลิป “กัมพูชาซ้อมรบ” และ “ฮุน เซนขู่สงครามปะทุ” มาจากไหน เกี่ยวกับการเลือกตั้งของไทยอย่างไร,https://blog.cofact.org/th/factcheck-election2023-cambodia/,1,
6,border_military,1952,2025,afnc,กัมพูชาเร่งรื้อถอนเขื่อนกันคลื่น 73 หลังจากโดนฝ่ายไทยข่มขู่,https://www.antifakenewscenter.com/?p=80953,1,
6,border_military,2027,2025,afnc,เครื่องบิน F-16 ของไทย ทิ้งระเบิดลงในพื้นที่โรงเรียน จังหวัดพระวิหาร กัมพูชา,https://www.antifakenewscenter.com/?p=80629,1,
6,border_military,2073,2025,afnc,ทหารไทยโจมตีอาคารศุลกากรที่ด่านชายแดนบึงตระกูล,https://www.antifakenewscenter.com/?p=80473,1,
6,border_military,2741,2025,afnc,ทหารไทยเริ่มปฏิบัติการยิงโจมตีทหารกัมพูชาก่อนที่ฐานทัพช่องอานม้า,https://www.antifakenewscenter.com/?p=77605,1,
6,border_military,2763,2025,afnc,เครื่องบินรบ F-16 ซ้อมทิ้งระเบิด จ.พิษณุโลก,https://www.antifakenewscenter.com/?p=77527,1,
6,border_military,2784,2025,afnc,เอกสารราชการปี 2487 ระบุพระตะบองอยู่ในประเทศไทย แต่กัมพูชาไม่ยอมคืนให้,https://www.antifakenewscenter.com/?p=77437,1,
6,border_military,3034,2025,afnc,แม่ทัพภาค 1 และฝ่ายความมั่นคง เสนอมอบสัญชาติไทยให้ชาวกัมพูชา บ้านหนองจาน,https://www.antifakenewscenter.com/?p=76384,?,[AI อ่านซ้ำ: เจ้าของตอบ 1 -> ?; เรื่องสัญชาติ ไม่ใช่ทหาร/ชายแดนโดยตรง] 
6,border_military,3110,2025,afnc,สหรัฐฯ ส่งมอบเครื่องบินรบ F-16AM ให้ไทยแทนยูเครน,https://www.antifakenewscenter.com/?p=75977,1,
6,border_military,3181,2025,afnc,กองทัพไทยเตรียมเปิดการโจมตีกัมพูชา ในคืนวันที่ 13 และเช้าวันที่ 14 สิงหาคม,https://www.antifakenewscenter.com/?p=75707,1,
6,border_military,3246,2025,afnc,ทหารกัมพูชาจำนวนมากป่วย ด้วยอาการไข้มาลาเรีย,https://www.antifakenewscenter.com/?p=75338,1,
6,border_military,3247,2025,afnc,ทหารกัมพูชาป่วยเป็นไข้มาลาเรีย เนื่องจากสารเคมีของไทย,https://www.antifakenewscenter.com/?p=75334,1,
6,border_military,3263,2025,afnc,ลูกระเบิด MK-84 ที่พบในกัมพูชา เป็นของที่ไทยจัดซื้อจากอิสราเอล,https://www.antifakenewscenter.com/?p=75287,1,
6,border_military,3277,2025,afnc,ไทยส่งโดรนล้ำน่านฟ้ากัมพูชา,https://www.antifakenewscenter.com/?p=75231,1,
6,border_military,3322,2025,afnc,ทหารไทย ลักพาตัวทหารกัมพูชา 20 คน ขณะเข้าไปจับมือหลังมีข้อตกลงหยุดยิง,https://www.antifakenewscenter.com/?p=75023,1,
6,border_military,3345,2025,afnc,นอร์เวย์มอบ F-16 ให้ประเทศไทย 14 ลำ หลังเกิดปัญหาชายแดนไทย-กัมพูชา,https://www.antifakenewscenter.com/?p=74918,1,
6,border_military,3671,2025,afnc,นายกฯ อิสราเอล ประกาศ พร้อมส่งเครื่องบิน F35 และ F15 ช่วยไทยรบทางอากาศกับกัมพูชา,https://www.antifakenewscenter.com/?p=73468,1,
6,border_military,3739,2025,afnc,ประเทศไทย เตรียมบุกไปกัมพูชาแล้ว,https://www.antifakenewscenter.com/?p=73192,1,
6,border_military,4622,2025,afnc,เขมรส่งโดรนบินสำรวจตอนมืดและขุดบังเกอร์ขนาดใหญ่จุ 40 คน,https://www.antifakenewscenter.com/?p=69276,1,
6,border_military,26873,2025,thaipbs,คลิป F-16 ถล่มอาคารในกัมพูชา แท้จริงสร้างจาก AI,https://www.thaipbs.or.th/verify/content/7580,1,
6,border_military,26929,2025,thaipbs,ตรวจสอบแล้ว: โพสต์อ้างคลิปเกาหลีใต้เตรียมใช้กองกำลังทหารกับกัมพูชา แท้จริงเป็นคลิปเดินขบวนพาเหรดวันกองทัพ,https://www.thaipbs.or.th/verify/content/6141,1,
6,border_military,27233,2025,cofact,กรมศิลปากรระบุไม่เคยมีนโยบายสนับสนุนการทำลายโบราณสถานเพื่อประโยชน์ทางทหาร,https://blog.cofact.org/th/fact-check-thai-cambodia-05082025/,1,
6,border_military,27763,2025,cofact,ฝึกผสม Falcon Strike 2025 ของกองทัพอากาศไทย-จีน ถูกนำมาบิดเบือนในความขัดแย้งไทย-กัมพูชา,https://blog.cofact.org/th/fact-check-thai-cambodia-18092025/,1,
6,border_military,173,2026,afnc,F-16 ไทย ขึ้นบินลาดตระเวนกลางดึก ท่ามกลางความตึงเครียดบริเวณชายแดน,https://www.antifakenewscenter.com/?p=88765,1,
6,border_military,508,2026,afnc,ไทยต้องงดใช้พื้นที่เกษตรเหมือนกัมพูชา ในพื้นที่อ้างสิทธิและพื้นที่นอกเส้นแดงอธิปไตยไทย,https://www.antifakenewscenter.com/?p=87279,1,
6,border_military,916,2026,afnc,เครื่องบินทหารสหรัฐฯ ขึ้น-ลงสนามบินกระบี่วันละหลายเที่ยว เพื่อสับเปลี่ยนกำลังพลรับมือสถานการณ์ตะวันออกกลาง,https://www.antifakenewscenter.com/?p=85499,0,[AI อ่านซ้ำ: เจ้าของตอบ 1 -> 0; เรื่องเครื่องบินสหรัฐฯ/ตะวันออกกลาง ไม่ใช่ชายแดนไทย–กัมพูชา] 
6,border_military,1135,2026,afnc,กัมพูชายิงปืนเล็กเช็กแนวชายแดนพร้อมกับเคลื่อนจรวด PHL-03 เข้าประชิดพื้นที่,https://www.antifakenewscenter.com/?p=84522,1,
6,border_military,1204,2026,afnc,กระสุนปืนใหญ่ทหารไทยที่ยิงใส่กัมพูชา ทำให้ช้างในป่าพระวิหารเสียชีวิต,https://www.antifakenewscenter.com/?p=84230,1,
6,border_military,1360,2026,afnc,กัมพูชาเคลื่อน PHL-03 ประชิดชายแดน มีรัศมีไกลถึง จ.นครราชสีมา,https://www.antifakenewscenter.com/?p=83487,1,
