family,topics,year,records,denominator,share_pct
invest_stock,1|15|24|25|38|44|45|50|62,2015,0,65,0.0
invest_stock,1|15|24|25|38|44|45|50|62,2016,0,206,0.0
invest_stock,1|15|24|25|38|44|45|50|62,2017,0,257,0.0
invest_stock,1|15|24|25|38|44|45|50|62,2018,0,270,0.0
invest_stock,1|15|24|25|38|44|45|50|62,2019,1,389,0.26
invest_stock,1|15|24|25|38|44|45|50|62,2020,2,1166,0.17
invest_stock,1|15|24|25|38|44|45|50|62,2021,8,1299,0.62
invest_stock,1|15|24|25|38|44|45|50|62,2022,80,1899,4.21
invest_stock,1|15|24|25|38|44|45|50|62,2023,292,2635,11.08
invest_stock,1|15|24|25|38|44|45|50|62,2024,223,2408,9.26
invest_stock,1|15|24|25|38|44|45|50|62,2025,276,2428,11.37
invest_stock,1|15|24|25|38|44|45|50|62,2026,94,1407,6.68
bank_loan,3|12|14|22|34|36|47,2015,0,65,0.0
bank_loan,3|12|14|22|34|36|47,2016,0,206,0.0
bank_loan,3|12|14|22|34|36|47,2017,1,257,0.39
bank_loan,3|12|14|22|34|36|47,2018,0,270,0.0
bank_loan,3|12|14|22|34|36|47,2019,2,389,0.51
bank_loan,3|12|14|22|34|36|47,2020,15,1166,1.29
bank_loan,3|12|14|22|34|36|47,2021,92,1299,7.08
bank_loan,3|12|14|22|34|36|47,2022,182,1899,9.58
bank_loan,3|12|14|22|34|36|47,2023,199,2635,7.55
bank_loan,3|12|14|22|34|36|47,2024,193,2408,8.01
bank_loan,3|12|14|22|34|36|47,2025,160,2428,6.59
bank_loan,3|12|14|22|34|36|47,2026,72,1407,5.12
victim_refund,11|61,2015,0,65,0.0
victim_refund,11|61,2016,0,206,0.0
victim_refund,11|61,2017,0,257,0.0
victim_refund,11|61,2018,0,270,0.0
victim_refund,11|61,2019,0,389,0.0
victim_refund,11|61,2020,0,1166,0.0
victim_refund,11|61,2021,0,1299,0.0
victim_refund,11|61,2022,2,1899,0.11
victim_refund,11|61,2023,1,2635,0.04
victim_refund,11|61,2024,73,2408,3.03
victim_refund,11|61,2025,116,2428,4.78
victim_refund,11|61,2026,24,1407,1.71
covid_related,4|7|18|48|58,2015,0,65,0.0
covid_related,4|7|18|48|58,2016,1,206,0.49
covid_related,4|7|18|48|58,2017,2,257,0.78
covid_related,4|7|18|48|58,2018,3,270,1.11
covid_related,4|7|18|48|58,2019,1,389,0.26
covid_related,4|7|18|48|58,2020,237,1166,20.33
covid_related,4|7|18|48|58,2021,225,1299,17.32
covid_related,4|7|18|48|58,2022,103,1899,5.42
covid_related,4|7|18|48|58,2023,31,2635,1.18
covid_related,4|7|18|48|58,2024,54,2408,2.24
covid_related,4|7|18|48|58,2025,18,2428,0.74
covid_related,4|7|18|48|58,2026,27,1407,1.92
