year,year_be,all_records,in_scope_round1,in_scope_v2,share_round1_pct,share_v2_pct,group_cambodia,group_china,group_generic_or_other,group_israel_jewish,group_myanmar
2015,2558,65,0,0,0.0,0.0,0,0,0,0,0
2016,2559,206,0,0,0.0,0.0,0,0,0,0,0
2017,2560,257,0,0,0.0,0.0,0,0,0,0,0
2018,2561,270,0,0,0.0,0.0,0,0,0,0,0
2019,2562,389,0,0,0.0,0.0,0,0,0,0,0
2020,2563,1166,4,6,0.34,0.51,0,1,2,0,3
2021,2564,1299,4,5,0.31,0.38,0,0,5,0,0
2022,2565,1899,6,6,0.32,0.32,0,0,5,0,1
2023,2566,2635,4,4,0.15,0.15,0,0,4,0,0
2024,2567,2408,16,20,0.66,0.83,2,1,10,0,7
2025,2568,2428,33,52,1.36,2.14,16,6,11,8,11
2026,2569,1407,51,74,3.62,5.26,40,0,19,11,4
